:title_ja,:genres_ja,:genres_en
皆吉爽雨文学碑,名所,Attractions
祭祀遺跡磐座,"文化史跡,史跡","Cultural historic sites,historic sites"
七重川河川公園／ほたる,"動・植物,動物","Animal and plant,animal"
宝珠寺ヒメシダレザクラ,"動・植物,植物","Animal and plant,plant"
手白澤温泉（奥鬼怒温泉）,温泉,Hot Springs
脊振峡の桜,"動・植物,植物","Animal and plant,plant"
黒の瀬戸,"自然景観,海岸景観","Natural landscape,coastal landscape"
伊勢塚,"文化史跡,史跡","Cultural historic sites,historic sites"
義士祭、吉良祭・元禄市,"祭事,行・祭事","Festivals,row and festivals"
ポットホール（猿の水飲み場）,"自然景観,特殊地形","Natural landscape,special terrain"
幻夢洞のハチの巣状風化岩,"自然景観,特殊地形","Natural landscape,special terrain"
玉依比売命神社,神社仏閣,Shrines and temples
戸隠キャンプ場,"スポーツ・レジャー,キャンプ場","Sports and leisure,camping"
裾花川,"レクリエーション,観光漁業","Recreation,Tourism fishing"
大岡温泉,温泉,Hot Springs
豊野温泉 りんごの湯,温泉,Hot Springs
蓼科温泉,温泉,Hot Springs
大信州酒造(株)豊野蔵,"文化施設,産業観光施設","Cultural facilities,industrial tourism facilities"
日田市指定無形民俗文化財　烏宿神社はだか参り,"祭事,行・祭事","Festivals,row and festivals"
本場奄美大島紬泥染公園,"公園・庭園,公園","Park and square or garden,park"
奄美少年自然の家,"文化施設,センター施設","Cultural facilities,center facilities"
義士祭,"祭事,行・祭事","Festivals,row and festivals"
多胡碑,"文化史跡,史跡","Cultural historic sites,historic sites"
大正池,"自然景観,湖沼","Natural landscape,lakes"
美鈴湖の紅葉,"動・植物,植物","Animal and plant,plant"
中宮寺,神社仏閣,Shrines and temples
堂崎城,"文化史跡,城郭","Cultural historic sites,castles"
滝川渓谷,"自然景観,河川景観","Natural landscape,river landscape"
円成寺,神社仏閣,Shrines and temples
あがたの森公園,"公園・庭園,公園","Park and square or garden,park"
猿山岬,"自然景観,海岸景観","Natural landscape,coastal landscape"
休暇村乗鞍高原一の瀬キャンプ場,"スポーツ・レジャー,キャンプ場","Sports and leisure,camping"
旧制高等学校記念館,"文化施設,博物館","Cultural facilities,museums"
浅間温泉会館　ホットプラザ浅間,"文化施設,センター施設","Cultural facilities,center facilities"
銀山城跡,"文化史跡,史跡","Cultural historic sites,historic sites"
扉温泉,温泉,Hot Springs
小林城跡,"文化史跡,史跡","Cultural historic sites,historic sites"
社日稲荷神社,神社仏閣,Shrines and temples
西穂山荘,"民宿・ペンション,ペンション","Bed and Breakfast,Pension"
涸沢小屋,"民宿・ペンション,ペンション","Bed and Breakfast,Pension"
阿弥陀寺,神社仏閣,Shrines and temples
霧ヶ峰キャンプ場,"スポーツ・レジャー,キャンプ場","Sports and leisure,camping"
野波瀬釣りデッキ,"レクリエーション,観光漁業","Recreation,Tourism fishing"
唐沢の滝,"自然景観,河川景観","Natural landscape,river landscape"
胸形神社,神社仏閣,Shrines and temples
美ヶ原高原美術館,"文化施設,美術館","Cultural facilities,Museum of Art"
洞寺,"自然景観,特殊地形","Natural landscape,special terrain"
元寇防塁跡,"文化史跡,史跡","Cultural historic sites,historic sites"
花乱の滝,"自然景観,河川景観","Natural landscape,river landscape"
こせの渓谷,"自然景観,河川景観","Natural landscape,river landscape"
優佳良織工芸館,"文化施設,博物館","Cultural facilities,museums"
旧北国街道　菱屋,"名産品,ショッピング店","Specialties,shopping store"
市立岡谷蚕糸博物館（シルクファクトおかや）,"文化施設,博物館","Cultural facilities,museums"
下関市立豊北歴史民俗資料館　『太翔館（たいしょうかん）』,"文化施設,博物館","Cultural facilities,museums"
黄梅院の枝垂れ桜,"動・植物,植物","Animal and plant,plant"
高橋海岸,"自然景観,海岸景観","Natural landscape,coastal landscape"
鵜甘神社,神社仏閣,Shrines and temples
万田坑,"文化施設,歴史的建造物","Cultural facilities,historic buildings"
あいおいニッセイ同和損保ザ・フェニックスホール,"文化施設,センター施設","Cultural facilities,center facilities"
川路温泉,温泉,Hot Springs
立花城址,"文化史跡,史跡","Cultural historic sites,historic sites"
戸山公園（交通公園）,"公園・庭園,公園","Park and square or garden,park"
湖畔公園足湯,"文化施設,センター施設","Cultural facilities,center facilities"
薫主堂,"名産品,伝統工芸技術","Specialties,traditional craft techniques"
ドライブイン　霧ヶ峰　富士見台,"名産品,ショッピング店","Specialties,shopping store"
有栖川宮記念公園,"公園・庭園,公園","Park and square or garden,park"
日龍峰寺多宝塔,"文化施設,歴史的建造物","Cultural facilities,historic buildings"
白谷観音堂,神社仏閣,Shrines and temples
お茶屋屋敷跡,"文化史跡,史跡","Cultural historic sites,historic sites"
日下部民藝館,"文化施設,歴史的建造物","Cultural facilities,historic buildings"
ペンションハロー,"民宿・ペンション,ペンション","Bed and Breakfast,Pension"
天望山,"自然景観,山岳","Natural landscape,mountain"
愛宕神社,神社仏閣,Shrines and temples
一湊海水浴場,"レクリエーション,海水浴場","Recreation,beaches"
旧太田脇本陣林家住宅,"文化施設,歴史的建造物","Cultural facilities,historic buildings"
カリカリウス堅穴群,"文化史跡,史跡","Cultural historic sites,historic sites"
標津川,"自然景観,河川景観","Natural landscape,river landscape"
宝積院,神社仏閣,Shrines and temples
樫原湿原,"自然景観,高原","Natural landscape,Plateau"
かわうちの湯,温泉,Hot Springs
間藤水力発電所跡,"文化施設,歴史的建造物","Cultural facilities,historic buildings"
赤城神社,神社仏閣,Shrines and temples
江戸ワンダーランド　日光江戸村,"レクリエーション,テーマパーク・レジャーランド","Recreation,Theme Park and Leisure Land"
河内の風穴,"自然景観,特殊地形","Natural landscape,special terrain"
振徳堂,"文化施設,歴史的建造物","Cultural facilities,historic buildings"
瀞峡,"自然景観,河川景観","Natural landscape,river landscape"
一本木公園のバラ,"動・植物,植物","Animal and plant,plant"
熊石漁港ふれあい広場,"公園・庭園,公園","Park and square or garden,park"
大川内岡,"文化史跡,史跡","Cultural historic sites,historic sites"
白鬚神社,神社仏閣,Shrines and temples
朝市,"地域風俗・風習,地域風俗","Local customs and Customs,local customs"
鷹狩山,"自然景観,高原","Natural landscape,Plateau"
金作原原生林,名所,Attractions
夜狩尾谷川,"自然景観,河川景観","Natural landscape,river landscape"
須佐神社（今井祇園）,神社仏閣,Shrines and temples
水哉園,"文化史跡,史跡","Cultural historic sites,historic sites"
大町ダム,"自然景観,湖沼","Natural landscape,lakes"
白崎海岸,"自然景観,海岸景観","Natural landscape,coastal landscape"
府中湖,"自然景観,湖沼","Natural landscape,lakes"
城山城址,"文化史跡,史跡","Cultural historic sites,historic sites"
波宝神社,神社仏閣,Shrines and temples
新町通り,"施設景観,町並み","Facility landscape,townscape"
伝通院,神社仏閣,Shrines and temples
羽佐の窪渓谷,"自然景観,河川景観","Natural landscape,river landscape"
浮島,"自然景観,湖沼","Natural landscape,lakes"
鹿川渓谷,"自然景観,河川景観","Natural landscape,river landscape"
鴨ヶ浦,"自然景観,海岸景観","Natural landscape,coastal landscape"
五木温泉「夢唄」,温泉,Hot Springs
禰寝重長の木像,名所,Attractions
立山黒部アルペンルート,"動・植物,植物","Animal and plant,plant"
三滝ダム,"文化施設,近代的建造物","Cultural facilities,modern buildings"
久松みやーか群,"文化史跡,史跡","Cultural historic sites,historic sites"
大黒町追分のシダレザクラ,"動・植物,植物","Animal and plant,plant"
農具川の「大町ツツジ・アヤメ街道」,"動・植物,植物","Animal and plant,plant"
新ゲインズボローカントリー倶楽部,"スポーツ・レジャー,ゴルフ場","Sports and leisure,golf"
寛永寺,神社仏閣,Shrines and temples
緑清荘,"文化施設,センター施設","Cultural facilities,center facilities"
レークスワンカントリー倶楽部　美祢コース,"スポーツ・レジャー,ゴルフ場","Sports and leisure,golf"
宝達志水町運動公園多目的運動広場,"公園・庭園,公園","Park and square or garden,park"
福智山,"自然景観,山岳","Natural landscape,mountain"
伊原間海岸,"自然景観,海岸景観","Natural landscape,coastal landscape"
大井宿本陣跡,"文化史跡,史跡","Cultural historic sites,historic sites"
二級峡,"自然景観,河川景観","Natural landscape,river landscape"
旧風間家住宅「丙申堂」,"文化施設,歴史的建造物","Cultural facilities,historic buildings"
菅家庭園,"公園・庭園,庭園","Park and square or garden,garden"
星の宮カントリー倶楽部,"スポーツ・レジャー,ゴルフ場","Sports and leisure,golf"
東富士カントリークラブ,"スポーツ・レジャー,ゴルフ場","Sports and leisure,golf"
ミルフィーユゴルフクラブ,"スポーツ・レジャー,ゴルフ場","Sports and leisure,golf"
居谷里湿原,"レクリエーション,自然歩道・自然研究路","Recreation,nature trails and natural research paths"
酒の博物館,"文化施設,博物館","Cultural facilities,museums"
印野の溶岩隧道,"自然景観,特殊地形","Natural landscape,special terrain"
星野川,"自然景観,河川景観","Natural landscape,river landscape"
大崩山の紅葉,"動・植物,植物","Animal and plant,plant"
塩の道ちょうじや・流鏑馬会館,"文化施設,博物館","Cultural facilities,museums"
四季演劇資料館,"文化施設,博物館","Cultural facilities,museums"
妙法輪寺のナンテン,"動・植物,植物","Animal and plant,plant"
水泥古墳,"文化史跡,史跡","Cultural historic sites,historic sites"
大山下池・上池の蓮の花,"動・植物,植物","Animal and plant,plant"
新境川の桜,"動・植物,植物","Animal and plant,plant"
施無畏山観音寺,神社仏閣,Shrines and temples
揖斐峡,"自然景観,河川景観","Natural landscape,river landscape"
虫供養塚,名所,Attractions
藤原湖畔のコブシ,"動・植物,植物","Animal and plant,plant"
阿蘇にしはらウインドファーム,"施設景観,展望施設","Facility landscape,outlook facility"
オニバス,"動・植物,植物","Animal and plant,plant"
豊平館,"文化施設,歴史的建造物","Cultural facilities,historic buildings"
神代垣内落鉄穴跡,"文化史跡,史跡","Cultural historic sites,historic sites"
野口五郎小屋,"民宿・ペンション,ペンション","Bed and Breakfast,Pension"
湯俣温泉晴嵐荘,"民宿・ペンション,ペンション","Bed and Breakfast,Pension"
休暇村奥武蔵,"公共の宿,公的宿泊施設","Public inn,public accommodation"
餓鬼岳小屋,"民宿・ペンション,ペンション","Bed and Breakfast,Pension"
烏帽子小屋,"民宿・ペンション,ペンション","Bed and Breakfast,Pension"
雲ノ平山荘,"民宿・ペンション,ペンション","Bed and Breakfast,Pension"
崇福寺,神社仏閣,Shrines and temples
宝仙寺,神社仏閣,Shrines and temples
都市農業公園のチューリップ,"動・植物,植物","Animal and plant,plant"
ふるさと歩道　高麗の里を訪ねるコース,"レクリエーション,ハイキングコース","Recreation,hiking trails"
西福寺,神社仏閣,Shrines and temples
幽幻の滝,"自然景観,河川景観","Natural landscape,river landscape"
塩崎農園,"レクリエーション,観光農林業","Recreation,tourism agriculture and forestry"
又木茶屋,"文化施設,センター施設","Cultural facilities,center facilities"
阿部製紙,"観光案内,体験観光","Tourist information,experience tourism"
信貴山　朝護孫子寺,神社仏閣,Shrines and temples
荷卸の松,"動・植物,植物","Animal and plant,plant"
禅定院,神社仏閣,Shrines and temples
玉川公園,"公園・庭園,公園","Park and square or garden,park"
福勝寺古墳,"文化史跡,史跡","Cultural historic sites,historic sites"
四日市横穴群,"文化史跡,史跡","Cultural historic sites,historic sites"
金剛福寺,神社仏閣,Shrines and temples
上町如意輪観音堂,神社仏閣,Shrines and temples
太郎丸集落春祭り,"祭事,行・祭事","Festivals,row and festivals"
足水と天然冷風浴施設「ようきた洞」オープン,"祭事,行・祭事","Festivals,row and festivals"
うたづ臨海公園　遊具広場,"公園・庭園,公園","Park and square or garden,park"
奇祭大俵引き,"祭事,行・祭事","Festivals,row and festivals"
白河だるま市,"祭事,行・祭事","Festivals,row and festivals"
野宮神社,神社仏閣,Shrines and temples
カンムリウミスズメ,"動・植物,動物","Animal and plant,animal"
松焚祭（どんと祭）,"祭事,行・祭事","Festivals,row and festivals"
五桂池,"自然景観,湖沼","Natural landscape,lakes"
金剛寺の青梅,"動・植物,植物","Animal and plant,plant"
第24回 定禅寺ストリートジャズフェスティバルin仙台,"祭事,行・祭事","Festivals,row and festivals"
金山渓谷,"自然景観,河川景観","Natural landscape,river landscape"
吉野川,"自然景観,河川景観","Natural landscape,river landscape"
滝の観音,"自然景観,河川景観","Natural landscape,river landscape"
乾燥木材工芸資料館,"文化施設,博物館","Cultural facilities,museums"
ギャラリーTOM,"文化施設,美術館","Cultural facilities,Museum of Art"
晴海埠頭（客船ターミナル）,名所,Attractions
大鏑矢ふれあい公園,"公園・庭園,公園","Park and square or garden,park"
藤村作先生顕彰碑,名所,Attractions
夜の森駅のツツジ,"動・植物,植物","Animal and plant,plant"
竹林院の庭園,"公園・庭園,庭園","Park and square or garden,garden"
名橋「日本橋」橋洗い,"祭事,行・祭事","Festivals,row and festivals"
清岸院の虚空蔵堂,神社仏閣,Shrines and temples
願成寺西墳之越古墳群,"文化史跡,史跡","Cultural historic sites,historic sites"
普門院,神社仏閣,Shrines and temples
行者の滝,"自然景観,河川景観","Natural landscape,river landscape"
石坂石畳道,"文化史跡,史跡","Cultural historic sites,historic sites"
虹澗橋,"文化施設,歴史的建造物","Cultural facilities,historic buildings"
四辻峠,"自然景観,高原","Natural landscape,Plateau"
弓ケ浜海水浴場,"レクリエーション,海水浴場","Recreation,beaches"
新年竟宴祭,"祭事,行・祭事","Festivals,row and festivals"
西海橋公園,"公園・庭園,公園","Park and square or garden,park"
国民宿舎ボルべリアダグリ　天然温泉,温泉,Hot Springs
海峡いさりび公園,"公園・庭園,公園","Park and square or garden,park"
高月院,神社仏閣,Shrines and temples
佐賀県立佐賀城本丸歴史館,"文化施設,歴史的建造物","Cultural facilities,historic buildings"
第27回駒ヶ根高原スキー・スノーボード大会,"祭事,行・祭事","Festivals,row and festivals"
一志勤労者体育センター,"文化施設,センター施設","Cultural facilities,center facilities"
瞑想の郷,"文化施設,博物館","Cultural facilities,museums"
水石山,"自然景観,山岳","Natural landscape,mountain"
ボッケ（泥火山）,"自然景観,自然現象","Natural landscape,natural phenomena"
以久科原生花園,"動・植物,植物","Animal and plant,plant"
笠狭宮跡,"文化史跡,史跡","Cultural historic sites,historic sites"
香積寺,神社仏閣,Shrines and temples
姥ケ池碑助六の歌碑,名所,Attractions
臼塚古墳,"文化史跡,史跡","Cultural historic sites,historic sites"
森鴎外文学碑,名所,Attractions
土呂八幡宮,神社仏閣,Shrines and temples
光のTREEページェント,"祭事,行・祭事","Festivals,row and festivals"
誓願寺,神社仏閣,Shrines and temples
児玉家住宅,"文化施設,歴史的建造物","Cultural facilities,historic buildings"
直方歳事館,"文化施設,センター施設","Cultural facilities,center facilities"
祐天寺,神社仏閣,Shrines and temples
八乙女浦,"自然景観,特殊地形","Natural landscape,special terrain"
鍬の祭,"祭事,行・祭事","Festivals,row and festivals"
第9回武蔵野吉祥七福神めぐり,"祭事,行・祭事","Festivals,row and festivals"
八雲氷川神社,神社仏閣,Shrines and temples
氷川神社,神社仏閣,Shrines and temples
蓼科スカイライン,"動・植物,植物","Animal and plant,plant"
延命地蔵の水,"自然景観,自然現象","Natural landscape,natural phenomena"
旧数山家住宅,"文化施設,歴史的建造物","Cultural facilities,historic buildings"
新川渓谷温泉郷,温泉,Hot Springs
英彦山神宮,神社仏閣,Shrines and temples
醍醐寺,神社仏閣,Shrines and temples
与賀神社,神社仏閣,Shrines and temples
無藝荘,名所,Attractions
普光寺磨崖仏,"文化史跡,史跡","Cultural historic sites,historic sites"
桂昌寺跡地獄極楽,"文化史跡,史跡","Cultural historic sites,historic sites"
元興寺,神社仏閣,Shrines and temples
日豊海岸,"自然景観,海岸景観","Natural landscape,coastal landscape"
直海周辺,"自然景観,海岸景観","Natural landscape,coastal landscape"
第１３回たきかわ紙袋ランターンフェスティバル,"祭事,行・祭事","Festivals,row and festivals"
八剱八幡神社,神社仏閣,Shrines and temples
浅間山の展望,"施設景観,展望施設","Facility landscape,outlook facility"
あらふね湖,"自然景観,湖沼","Natural landscape,lakes"
永明寺のイチョウ,"動・植物,植物","Animal and plant,plant"
なかたね ふれあいの里,"文化施設,産業観光施設","Cultural facilities,industrial tourism facilities"
内山牧場のレンゲツツジ園,"動・植物,植物","Animal and plant,plant"
大町桂月文学碑,名所,Attractions
旧中込学校の藤の花,"動・植物,植物","Animal and plant,plant"
平尾山,"動・植物,植物","Animal and plant,plant"
道閑塚及び刑場跡,"文化史跡,史跡","Cultural historic sites,historic sites"
春日奥山の紅葉,"動・植物,植物","Animal and plant,plant"
春日大社の砂ずりの藤,"動・植物,植物","Animal and plant,plant"
正暦寺のモミジ,"動・植物,植物","Animal and plant,plant"
甘藷翁記念碑,名所,Attractions
紅葉峠展望台,"施設景観,展望施設","Facility landscape,outlook facility"
望郷子守唄の碑,名所,Attractions
明治大学商品陳列館,"文化施設,博物館","Cultural facilities,museums"
松江郷土館(興雲閣),"文化施設,歴史的建造物","Cultural facilities,historic buildings"
小見野々ダム湖,"自然景観,湖沼","Natural landscape,lakes"
小矢部河川公園,"公園・庭園,公園","Park and square or garden,park"
ファームイン南房総　杉田棟,"民宿・ペンション,ペンション","Bed and Breakfast,Pension"
大浦天主堂,"文化施設,歴史的建造物","Cultural facilities,historic buildings"
霧多布湿原,"自然景観,高原","Natural landscape,Plateau"
足尾銅山観光,"文化施設,博物館","Cultural facilities,museums"
梛,"動・植物,植物","Animal and plant,plant"
合志市西合志図書館天文台,"施設景観,展望施設","Facility landscape,outlook facility"
不動堂,神社仏閣,Shrines and temples
千代姫コテージ,"スポーツ・レジャー,キャンプ場","Sports and leisure,camping"
蔦の渕,"自然景観,河川景観","Natural landscape,river landscape"
霧多布岬,"自然景観,海岸景観","Natural landscape,coastal landscape"
山登り,"祭事,行・祭事","Festivals,row and festivals"
眼鏡橋,"文化施設,歴史的建造物","Cultural facilities,historic buildings"
アシリベツの滝,"自然景観,河川景観","Natural landscape,river landscape"
倶利伽羅古戦場,"文化史跡,史跡","Cultural historic sites,historic sites"
祝吉御所跡,"文化史跡,史跡","Cultural historic sites,historic sites"
白浜海岸,"自然景観,海岸景観","Natural landscape,coastal landscape"
荒沢ダム周辺の紅葉,"動・植物,植物","Animal and plant,plant"
天長寺石仏群,"文化史跡,史跡","Cultural historic sites,historic sites"
津海岸,"自然景観,海岸景観","Natural landscape,coastal landscape"
海上自衛隊（旧海軍兵学校）,"文化施設,歴史的建造物","Cultural facilities,historic buildings"
水島観光さつき園,"公園・庭園,庭園","Park and square or garden,garden"
天塩川,"自然景観,河川景観","Natural landscape,river landscape"
中村家住宅,"文化施設,歴史的建造物","Cultural facilities,historic buildings"
首切り地蔵（小塚原刑場跡）,名所,Attractions
網走湖,"自然景観,湖沼","Natural landscape,lakes"
ケアポートみまき温泉アクティブセンター,"スポーツ・レジャー,スポーツリゾート施設","Sports and leisure,sports resort"
電照菊（百万ドルの夜景）,"動・植物,植物","Animal and plant,plant"
芭蕉歴史の道,"文化史跡,旧街道","Cultural historic sites,old road"
芭蕉句碑,名所,Attractions
大田区休養村とうぶ,"文化施設,センター施設","Cultural facilities,center facilities"
知的障害者更生施設渓明園,名所,Attractions
高島秋帆旧宅,"文化史跡,史跡","Cultural historic sites,historic sites"
富川渓谷,"自然景観,河川景観","Natural landscape,river landscape"
かるた始め式,"祭事,行・祭事","Festivals,row and festivals"
金刀比羅神社　初詣,"祭事,行・祭事","Festivals,row and festivals"
エビラ沢の滝,"自然景観,河川景観","Natural landscape,river landscape"
西導寺,神社仏閣,Shrines and temples
網走川,"自然景観,河川景観","Natural landscape,river landscape"
ポンモイ海岸,"自然景観,海岸景観","Natural landscape,coastal landscape"
二ツ岩,"自然景観,特殊地形","Natural landscape,special terrain"
サンワアリーナ（青森県営スケート場）,"スポーツ・レジャー,スケート場","Sports and leisure,skating rink"
大水沢の滝,"自然景観,河川景観","Natural landscape,river landscape"
長峰山山頂,"自然景観,自然現象","Natural landscape,natural phenomena"
兼六園の桜,"動・植物,植物","Animal and plant,plant"
あやめ公園・龍門渕公園の花菖蒲,"動・植物,植物","Animal and plant,plant"
一の沢林道の紅葉,"動・植物,植物","Animal and plant,plant"
大鷲院の磨崖仏,名所,Attractions
三河湖,"自然景観,湖沼","Natural landscape,lakes"
音海大断崖,"自然景観,海岸景観","Natural landscape,coastal landscape"
なかとみ和紙の里,"レクリエーション,公的観光レクリエーション地域","Recreation,public tourism Recreation Area"
ネコギギ,"動・植物,動物","Animal and plant,animal"
長峰山,"スポーツ・レジャー,スポーツリゾート施設","Sports and leisure,sports resort"
前川,"スポーツ・レジャー,マリーナ・ヨットハーバー","Sports and leisure,Marina Yacht Harbor"
嘉多山公園,"公園・庭園,公園","Park and square or garden,park"
安曇野市豊科近代美術館,"文化施設,美術館","Cultural facilities,Museum of Art"
安曇野ワイナリー,"文化施設,産業観光施設","Cultural facilities,industrial tourism facilities"
農業活性化施設「VIF穂高」ふれあい体験館,"観光案内,体験観光","Tourist information,experience tourism"
安曇野蝶ヶ岳温泉,温泉,Hot Springs
裸参り,"祭事,行・祭事","Festivals,row and festivals"
流氷観光砕氷船「おーろら」,"祭事,行・祭事","Festivals,row and festivals"
弓削大橋記念公園,"公園・庭園,公園","Park and square or garden,park"
祝子川渓谷の紅葉,"動・植物,植物","Animal and plant,plant"
普光寺,神社仏閣,Shrines and temples
神角寺,神社仏閣,Shrines and temples
三輪神社,神社仏閣,Shrines and temples
夜叉ケ池,"自然景観,湖沼","Natural landscape,lakes"
第3回　四万十・足摺無限大チャレンジライド,"祭事,行・祭事","Festivals,row and festivals"
南相木温泉　「滝見の湯」,郷土料理店,Local restaurant
内海,"レクリエーション,観光漁業","Recreation,Tourism fishing"
大池潮干狩場,"レクリエーション,観光漁業","Recreation,Tourism fishing"
矢梨潮干狩場,"レクリエーション,観光漁業","Recreation,Tourism fishing"
追分宿,"施設景観,町並み","Facility landscape,townscape"
矢ヶ崎公園,"公園・庭園,公園","Park and square or garden,park"
二宮敬作出生地跡,"文化史跡,史跡","Cultural historic sites,historic sites"
高麗石器時代住居跡,"文化史跡,史跡","Cultural historic sites,historic sites"
東照公産湯の井戸,名所,Attractions
お登勢の碑,名所,Attractions
加茂海水浴場,"レクリエーション,海水浴場","Recreation,beaches"
多層民家旧渋谷家住宅,"文化施設,歴史的建造物","Cultural facilities,historic buildings"
赤堀花しょうぶ園,"動・植物,植物","Animal and plant,plant"
月ケ瀬梅林,"動・植物,植物","Animal and plant,plant"
鹿寄せ,"施設景観,郷土景観","Facility landscape,local landscape"
アンモ浦展望台,"施設景観,展望施設","Facility landscape,outlook facility"
旧黒沢家住宅,"文化施設,歴史的建造物","Cultural facilities,historic buildings"
本荘マリーナ,"スポーツ・レジャー,マリーナ・ヨットハーバー","Sports and leisure,Marina Yacht Harbor"
福王寺,神社仏閣,Shrines and temples
山王神社二の鳥居（一本柱鳥居）,名所,Attractions
西海橋のツツジ・桜,"動・植物,植物","Animal and plant,plant"
御代田町B＆G海洋センター,"スポーツ・レジャー,スポーツリゾート施設","Sports and leisure,sports resort"
諫早公園のツツジ,"動・植物,植物","Animal and plant,plant"
日枝神社,神社仏閣,Shrines and temples
両羽神社,神社仏閣,Shrines and temples
ホーランエンヤ,"祭事,行・祭事","Festivals,row and festivals"
鬼の足跡,"自然景観,特殊地形","Natural landscape,special terrain"
アマハゲ,"祭事,行・祭事","Festivals,row and festivals"
海野宿歴史民俗資料館,"文化施設,博物館","Cultural facilities,museums"
南の池公園キャンプ場,"スポーツ・レジャー,キャンプ場","Sports and leisure,camping"
泉重千代翁之像,名所,Attractions
飛島海水浴場,"レクリエーション,海水浴場","Recreation,beaches"
観光りんご園,"レクリエーション,観光農林業","Recreation,tourism agriculture and forestry"
カモシカ,"動・植物,動物","Animal and plant,animal"
芭蕉句碑2,名所,Attractions
観音滝,"自然景観,河川景観","Natural landscape,river landscape"
ツムジ倉滝,"自然景観,河川景観","Natural landscape,river landscape"
北山古墳,"文化史跡,史跡","Cultural historic sites,historic sites"
遊泉ハウス児湯,"文化施設,センター施設","Cultural facilities,center facilities"
若宮神社,神社仏閣,Shrines and temples
寺町界隈,"施設景観,町並み","Facility landscape,townscape"
宇多川渓谷,"自然景観,河川景観","Natural landscape,river landscape"
赤坂ボタン園,"公園・庭園,庭園","Park and square or garden,garden"
うきは市大石親子凧あげ大会　　,"祭事,行・祭事","Festivals,row and festivals"
ログキャビンchena,"スポーツ・レジャー,キャンプ場","Sports and leisure,camping"
大垣城,"文化史跡,城郭","Cultural historic sites,castles"
ホテル八峯苑鹿の湯,温泉,Hot Springs
畑薙第一ダムの紅葉,"動・植物,植物","Animal and plant,plant"
安国寺経蔵,"文化施設,歴史的建造物","Cultural facilities,historic buildings"
元興寺禅室,"文化施設,歴史的建造物","Cultural facilities,historic buildings"
全龍寺,神社仏閣,Shrines and temples
笹岡家住宅,"文化施設,歴史的建造物","Cultural facilities,historic buildings"
大河原河川公園,"公園・庭園,公園","Park and square or garden,park"
裂き織りショップ　織音舎,"観光案内,体験観光","Tourist information,experience tourism"
八ヶ岳温泉　もみの湯,温泉,Hot Springs
いきいきふれあいランド,"公園・庭園,公園","Park and square or garden,park"
丹頂鶴,"動・植物,動物","Animal and plant,animal"
金御岳公園展望所,"施設景観,展望施設","Facility landscape,outlook facility"
傾城壇古墳,"文化史跡,史跡","Cultural historic sites,historic sites"
小野宿（旧小野家住宅＜小野宿問屋＞）,"文化施設,歴史的建造物","Cultural facilities,historic buildings"
手斧始式,"祭事,行・祭事","Festivals,row and festivals"
水戸市大串貝塚ふれあい公園,"公園・庭園,公園","Park and square or garden,park"
大文字キャンプ場,"スポーツ・レジャー,キャンプ場","Sports and leisure,camping"
見奈良菜の花まつり,"祭事,行・祭事","Festivals,row and festivals"
こどもの城,名所,Attractions
観音峰パノラマコース,"レクリエーション,ハイキングコース","Recreation,hiking trails"
東公園,"公園・庭園,公園","Park and square or garden,park"
インクラの滝,"自然景観,河川景観","Natural landscape,river landscape"
豊前国分尼寺跡,"文化史跡,史跡","Cultural historic sites,historic sites"
三角池,"自然景観,湖沼","Natural landscape,lakes"
Ｙｏｕ・遊の森公園,"公園・庭園,公園","Park and square or garden,park"
秋葉山祭典,"祭事,行・祭事","Festivals,row and festivals"
中華会館,"文化施設,歴史的建造物","Cultural facilities,historic buildings"
金光教本部,神社仏閣,Shrines and temples
奥伊勢フォレストピア,"レクリエーション,公的観光レクリエーション地域","Recreation,public tourism Recreation Area"
西国分塔跡,"文化史跡,史跡","Cultural historic sites,historic sites"
信州まつかわ温泉清流苑,温泉,Hot Springs
神宮橋,"文化施設,近代的建造物","Cultural facilities,modern buildings"
みかぼの湯,温泉,Hot Springs
果夢樹,"レクリエーション,観光農林業","Recreation,tourism agriculture and forestry"
千代田公園,"公園・庭園,公園","Park and square or garden,park"
岩津橋,"文化施設,近代的建造物","Cultural facilities,modern buildings"
良寛和尚像,名所,Attractions
鏡山の桜,"動・植物,植物","Animal and plant,plant"
舞鶴公園の藤,"動・植物,植物","Animal and plant,plant"
ブルーベリー園「花の谷」,"レクリエーション,観光農林業","Recreation,tourism agriculture and forestry"
平岡ダム,"自然景観,湖沼","Natural landscape,lakes"
野田平のこぶし群生,"動・植物,植物","Animal and plant,plant"
日光二荒山神社,神社仏閣,Shrines and temples
スポーツランド泰阜,"スポーツ・レジャー,スポーツリゾート施設","Sports and leisure,sports resort"
山のカフェ　ギャラリーそらくぼ,郷土料理店,Local restaurant
木曽駒高原,"自然景観,高原","Natural landscape,Plateau"
唐沢の滝,"自然景観,河川景観","Natural landscape,river landscape"
東山湖の桜,"動・植物,植物","Animal and plant,plant"
田立の滝,"自然景観,河川景観","Natural landscape,river landscape"
桝形の跡,"文化史跡,史跡","Cultural historic sites,historic sites"
下嵯峨屋,"文化施設,博物館","Cultural facilities,museums"
桂川渓谷,"自然景観,河川景観","Natural landscape,river landscape"
室生寺本堂,"文化施設,歴史的建造物","Cultural facilities,historic buildings"
室生ダム,"文化施設,近代的建造物","Cultural facilities,modern buildings"
西公園のさくら,"動・植物,植物","Animal and plant,plant"
網屋崎のハマボウ,"動・植物,植物","Animal and plant,plant"
吉田河原桜,"動・植物,植物","Animal and plant,plant"
一ツ葉海岸,"自然景観,海岸景観","Natural landscape,coastal landscape"
加江田渓谷,"自然景観,河川景観","Natural landscape,river landscape"
嵐山歌碑,名所,Attractions
鵜戸千畳敷奇岩,"自然景観,特殊地形","Natural landscape,special terrain"
新滝,"自然景観,河川景観","Natural landscape,river landscape"
清滝,"自然景観,河川景観","Natural landscape,river landscape"
熱川ほっとぱぁーく,"公園・庭園,公園","Park and square or garden,park"
出津教会,神社仏閣,Shrines and temples
のぞきど森林公園のつつじ,"動・植物,植物","Animal and plant,plant"
定勝寺のシダレザクラ,"動・植物,植物","Animal and plant,plant"
三段滝,"自然景観,河川景観","Natural landscape,river landscape"
魚梁瀬杉,"動・植物,植物","Animal and plant,plant"
戦場ヶ原,"自然景観,高原","Natural landscape,Plateau"
小高城跡,"文化史跡,史跡","Cultural historic sites,historic sites"
福昌寺跡,"文化史跡,史跡","Cultural historic sites,historic sites"
天満天神えびす祭,"祭事,行・祭事","Festivals,row and festivals"
藤沢周平生誕の地碑,名所,Attractions
三国山,"自然景観,山岳","Natural landscape,mountain"
第32軍司令部壕,"文化史跡,史跡","Cultural historic sites,historic sites"
老蘇の森,"文化史跡,史跡","Cultural historic sites,historic sites"
泉福寺,神社仏閣,Shrines and temples
高林寺,神社仏閣,Shrines and temples
十三寺,神社仏閣,Shrines and temples
松鶴城跡,"文化史跡,史跡","Cultural historic sites,historic sites"
麻生釣高原,"自然景観,高原","Natural landscape,Plateau"
富岡市立美術博物館・福沢一郎記念美術館,"文化施設,美術館","Cultural facilities,Museum of Art"
妙義神社,神社仏閣,Shrines and temples
成就院来鳳枝垂桜,"動・植物,植物","Animal and plant,plant"
羽賀寺,神社仏閣,Shrines and temples
市川農園,"レクリエーション,観光農林業","Recreation,tourism agriculture and forestry"
中山高原の菜の花,"動・植物,植物","Animal and plant,plant"
鎌池,"自然景観,湖沼","Natural landscape,lakes"
花園神社,神社仏閣,Shrines and temples
中谷大宮諏訪神社,神社仏閣,Shrines and temples
栂池パラグライダースクール,"スポーツ・レジャー,スポーツリゾート施設","Sports and leisure,sports resort"
小谷村郷土館,"文化施設,博物館","Cultural facilities,museums"
千国の庄史料館,"文化施設,博物館","Cultural facilities,museums"
深山の湯,"文化施設,センター施設","Cultural facilities,center facilities"
白馬乗鞍高原,温泉,Hot Springs
高浜虚子・年尾、父子句碑,"文化史跡,史跡","Cultural historic sites,historic sites"
春日局の墓,名所,Attractions
屋我地島,"自然景観,海岸景観","Natural landscape,coastal landscape"
広瀬神社,神社仏閣,Shrines and temples
石廊権現,神社仏閣,Shrines and temples
医光寺,神社仏閣,Shrines and temples
愛染院,神社仏閣,Shrines and temples
烏山城跡,"文化史跡,史跡","Cultural historic sites,historic sites"
多度山上展望台,"施設景観,展望施設","Facility landscape,outlook facility"
ハマナス,"動・植物,植物","Animal and plant,plant"
ＹＯＵ游ランド,"スポーツ・レジャー,スポーツリゾート施設","Sports and leisure,sports resort"
志賀重昂の墓碑,名所,Attractions
高山村歴史民俗資料館,"文化施設,博物館","Cultural facilities,museums"
ジャカランダ,"動・植物,植物","Animal and plant,plant"
密貿易屋敷跡,"文化史跡,史跡","Cultural historic sites,historic sites"
大島有隣遺跡,"文化史跡,史跡","Cultural historic sites,historic sites"
天然橋,"自然景観,特殊地形","Natural landscape,special terrain"
太布織,"名産品,伝統工芸技術","Specialties,traditional craft techniques"
白沙八幡神社,神社仏閣,Shrines and temples
地獄谷石窟仏,名所,Attractions
円光寺,神社仏閣,Shrines and temples
旧沢崎家,"文化施設,歴史的建造物","Cultural facilities,historic buildings"
種池,"自然景観,湖沼","Natural landscape,lakes"
御鹿湿原のコブシ,"動・植物,植物","Animal and plant,plant"
大島のニホンタチバナ,"動・植物,植物","Animal and plant,plant"
モラスコむぎ,"文化施設,博物館","Cultural facilities,museums"
垂玉温泉,温泉,Hot Springs
ユモトマユミ,"動・植物,植物","Animal and plant,plant"
一字一石経塚,"文化史跡,史跡","Cultural historic sites,historic sites"
金華山常慶院,神社仏閣,Shrines and temples
富士見ヶ原,"自然景観,高原","Natural landscape,Plateau"
天恩寺,神社仏閣,Shrines and temples
寂光滝,"自然景観,河川景観","Natural landscape,river landscape"
市木橋,名所,Attractions
比婆山のツツジ,"動・植物,植物","Animal and plant,plant"
安曇野市穂高郷土資料館,"文化施設,博物館","Cultural facilities,museums"
湯ノ岳パノラマライン展望台,"施設景観,展望施設","Facility landscape,outlook facility"
岩倉桜まつり,"祭事,行・祭事","Festivals,row and festivals"
古和秀水,名所,Attractions
はっぴいペンション,"民宿・ペンション,ペンション","Bed and Breakfast,Pension"
中房渓谷の紅葉,"動・植物,植物","Animal and plant,plant"
道祖神,"施設景観,郷土景観","Facility landscape,local landscape"
小岩岳城址,"文化史跡,史跡","Cultural historic sites,historic sites"
東光寺,神社仏閣,Shrines and temples
法界寺（日野薬師）,神社仏閣,Shrines and temples
黒滝寺,神社仏閣,Shrines and temples
新四国八十八ヶ所水崎廻り,名所,Attractions
ファガスの森「高城」,名所,Attractions
吉野谷鉱泉,温泉,Hot Springs
高倉山城跡,"文化史跡,史跡","Cultural historic sites,historic sites"
金剛寺（応挙寺）,神社仏閣,Shrines and temples
天香寺,神社仏閣,Shrines and temples
碌山美術館,"文化施設,美術館","Cultural facilities,Museum of Art"
オホーツク海の流氷,"自然景観,自然現象","Natural landscape,natural phenomena"
第41回紫雲出山桜まつり,"祭事,行・祭事","Festivals,row and festivals"
金林寺（馬路薬師堂）,神社仏閣,Shrines and temples
黒岩,"自然景観,山岳","Natural landscape,mountain"
福岡城跡,"文化史跡,史跡","Cultural historic sites,historic sites"
尾高高原,"自然景観,高原","Natural landscape,Plateau"
旧長崎街道(田手神社～田手宿～目達原宿),"文化史跡,旧街道","Cultural historic sites,old road"
田牛海岸,"自然景観,海岸景観","Natural landscape,coastal landscape"
小石川後楽園,"公園・庭園,庭園","Park and square or garden,garden"
育徳園跡,"公園・庭園,庭園","Park and square or garden,garden"
金剛峯寺不動堂,"文化施設,歴史的建造物","Cultural facilities,historic buildings"
すずめのお宿緑地公園,"公園・庭園,公園","Park and square or garden,park"
簗瀬八幡平の首塚,"文化史跡,史跡","Cultural historic sites,historic sites"
戸田市スポーツセンター,"文化施設,センター施設","Cultural facilities,center facilities"
山田の藤,"動・植物,植物","Animal and plant,plant"
ハチ公ファミリーレリーフ,名所,Attractions
北海道護国神社,神社仏閣,Shrines and temples
華厳寺,神社仏閣,Shrines and temples
睦沢町立歴史民俗資料館,"文化施設,博物館","Cultural facilities,museums"
荒川自然公園,"公園・庭園,公園","Park and square or garden,park"
北上川,"自然景観,河川景観","Natural landscape,river landscape"
二子山のニリンソウ,"動・植物,植物","Animal and plant,plant"
米沢上杉まつり,"祭事,行・祭事","Festivals,row and festivals"
猪八重渓谷,"自然景観,河川景観","Natural landscape,river landscape"
御前山（萩原）,"自然景観,山岳","Natural landscape,mountain"
八坂神社節分祭,"祭事,行・祭事","Festivals,row and festivals"
諫早家墓所,名所,Attractions
雷鳥,"動・植物,動物","Animal and plant,animal"
がんだて公園,"公園・庭園,公園","Park and square or garden,park"
はしご獅子舞,"祭事,行・祭事","Festivals,row and festivals"
コムケ湖,"自然景観,湖沼","Natural landscape,lakes"
松苗神事,"祭事,行・祭事","Festivals,row and festivals"
明治神宮外苑,"公園・庭園,公園","Park and square or garden,park"
中山七里,"自然景観,河川景観","Natural landscape,river landscape"
オオサンショウウオ,"動・植物,動物","Animal and plant,animal"
秩父神社の田植祭り,"祭事,行・祭事","Festivals,row and festivals"
波立寺（波立薬師）,神社仏閣,Shrines and temples
願掛岩,"自然景観,特殊地形","Natural landscape,special terrain"
位山官道「匠の道」,"文化史跡,旧街道","Cultural historic sites,old road"
水屋,"文化施設,歴史的建造物","Cultural facilities,historic buildings"
長良川鵜飼観覧船,"乗り物,遊覧船","Vehicle,pleasure boat"
神柱宮,神社仏閣,Shrines and temples
白山中居神社の森,"動・植物,植物","Animal and plant,plant"
玄妙寺,神社仏閣,Shrines and temples
法輪寺,神社仏閣,Shrines and temples
やきとり横丁,名所,Attractions
長島温泉,温泉,Hot Springs
新川遊歩道,"レクリエーション,自然歩道・自然研究路","Recreation,nature trails and natural research paths"
永泉寺,神社仏閣,Shrines and temples
府八幡宮,神社仏閣,Shrines and temples
福王寺,神社仏閣,Shrines and temples
鶴ヶ岱公園,"公園・庭園,公園","Park and square or garden,park"
竹皮編み,"名産品,伝統工芸技術","Specialties,traditional craft techniques"
満照寺,神社仏閣,Shrines and temples
白子海岸,"レクリエーション,観光漁業","Recreation,Tourism fishing"
阿寒湖,"自然景観,湖沼","Natural landscape,lakes"
石動曳山祭,"祭事,行・祭事","Festivals,row and festivals"
びわ狩り,"レクリエーション,観光農林業","Recreation,tourism agriculture and forestry"
杣山城跡,"文化史跡,史跡","Cultural historic sites,historic sites"
穴門山神社,神社仏閣,Shrines and temples
隅田川七福神めぐり,"祭事,行・祭事","Festivals,row and festivals"
青の洞門,"文化史跡,史跡","Cultural historic sites,historic sites"
北田野浦祭り,"祭事,行・祭事","Festivals,row and festivals"
無量寺,神社仏閣,Shrines and temples
全日本実業団対抗駅伝競走大会,"祭事,行・祭事","Festivals,row and festivals"
氷点下の森ライトアップ,"祭事,行・祭事","Festivals,row and festivals"
北岡の古墳,"文化史跡,史跡","Cultural historic sites,historic sites"
琴平古墳,"文化史跡,史跡","Cultural historic sites,historic sites"
菱川師宣記念館,"文化施設,歴史的建造物","Cultural facilities,historic buildings"
源頼朝旗挙げ武者行列,"祭事,行・祭事","Festivals,row and festivals"
妻のクス,"動・植物,植物","Animal and plant,plant"
日向国分寺跡,"文化史跡,史跡","Cultural historic sites,historic sites"
都立浅間山公園,"公園・庭園,公園","Park and square or garden,park"
善明寺,神社仏閣,Shrines and temples
青野運動公苑アオノゴルフコース,"スポーツ・レジャー,ゴルフ場","Sports and leisure,golf"
犬山祭,"祭事,行・祭事","Festivals,row and festivals"
最上踊り,"祭事,行・祭事","Festivals,row and festivals"
北の杜カントリー倶楽部,"スポーツ・レジャー,ゴルフ場","Sports and leisure,golf"
松山シーサイドカントリークラブ,"スポーツ・レジャー,ゴルフ場","Sports and leisure,golf"
境渓谷キャンプ場,"スポーツ・レジャー,キャンプ場","Sports and leisure,camping"
道の駅すばしり,"文化施設,産業観光施設","Cultural facilities,industrial tourism facilities"
足湯きらめき,温泉,Hot Springs
相馬市歴史資料収蔵館・郷土蔵,"文化施設,博物館","Cultural facilities,museums"
鎌倉山の桜,"動・植物,植物","Animal and plant,plant"
大滝キャンプ場,"スポーツ・レジャー,キャンプ場","Sports and leisure,camping"
旧茂木家住宅,"文化施設,歴史的建造物","Cultural facilities,historic buildings"
北島チューリップフェア,"祭事,行・祭事","Festivals,row and festivals"
浜黒崎海水浴場,"レクリエーション,海水浴場","Recreation,beaches"
水上峡,"レクリエーション,観光漁業","Recreation,Tourism fishing"
国立立山青少年自然の家キャンプ場,"スポーツ・レジャー,キャンプ場","Sports and leisure,camping"
七重滝,"自然景観,河川景観","Natural landscape,river landscape"
民宿　鉢ヶ崎　瑞,"民宿・ペンション,民宿","Bed and Breakfast,Guest house"
鮎釣り,"自然景観,河川景観","Natural landscape,river landscape"
弁天島,"自然景観,海岸景観","Natural landscape,coastal landscape"
今町一里塚,"文化史跡,史跡","Cultural historic sites,historic sites"
高梁川,"自然景観,河川景観","Natural landscape,river landscape"
天都山,"自然景観,山岳","Natural landscape,mountain"
小佐野の滝,"自然景観,河川景観","Natural landscape,river landscape"
雲峰寺の桜,"動・植物,植物","Animal and plant,plant"
利賀民俗館,"文化施設,博物館","Cultural facilities,museums"
大善寺の桜,"動・植物,植物","Animal and plant,plant"
八女津媛神社の紅葉,"動・植物,植物","Animal and plant,plant"
中台池のブナ林,"動・植物,植物","Animal and plant,plant"
木戸川渓谷,"自然景観,河川景観","Natural landscape,river landscape"
泉自然公園の桜,"動・植物,植物","Animal and plant,plant"
神之瀬湖,"自然景観,湖沼","Natural landscape,lakes"
愛宕山古墳,"文化史跡,史跡","Cultural historic sites,historic sites"
横手古墳群,"文化史跡,史跡","Cultural historic sites,historic sites"
君ケ野ダム,"文化施設,近代的建造物","Cultural facilities,modern buildings"
ハマボウ,"動・植物,植物","Animal and plant,plant"
新舞子海岸,"自然景観,海岸景観","Natural landscape,coastal landscape"
籠神社葵祭,"祭事,行・祭事","Festivals,row and festivals"
宝塚だんじりパレード,"祭事,行・祭事","Festivals,row and festivals"
日枝神社,神社仏閣,Shrines and temples
出光美術館,"文化施設,美術館","Cultural facilities,Museum of Art"
日光東照宮,神社仏閣,Shrines and temples
郡上の宿okuminoen,"民宿・ペンション,民宿","Bed and Breakfast,Guest house"
虚空蔵尊大祭とだるま市,"祭事,行・祭事","Festivals,row and festivals"
仙巌園 薩摩のひなまつり,"祭事,行・祭事","Festivals,row and festivals"
第30回維新・海峡ウォーク,"祭事,行・祭事","Festivals,row and festivals"
三倉岳山開き,"祭事,行・祭事","Festivals,row and festivals"
赤城神社参道松並木とツツジ群,"祭事,行・祭事","Festivals,row and festivals"
雲居寺,神社仏閣,Shrines and temples
功雲寺,神社仏閣,Shrines and temples
湯之元馬頭観音馬踊り,"祭事,行・祭事","Festivals,row and festivals"
多度参道,"施設景観,町並み","Facility landscape,townscape"
油木ダム湖,"自然景観,湖沼","Natural landscape,lakes"
鳴鼓岳,"自然景観,山岳","Natural landscape,mountain"
浜岡砂丘,"自然景観,海岸景観","Natural landscape,coastal landscape"
石和町のモモ,"動・植物,植物","Animal and plant,plant"
千丈渓探勝自然歩道コース,"レクリエーション,自然歩道・自然研究路","Recreation,nature trails and natural research paths"
松阪もめん手織りセンター,"名産品,ショッピング店","Specialties,shopping store"
月山高原牧場,"自然景観,高原","Natural landscape,Plateau"
波切神社,神社仏閣,Shrines and temples
国府白浜,"自然景観,海岸景観","Natural landscape,coastal landscape"
小田神社,神社仏閣,Shrines and temples
本所松坂町公園（吉良上野介屋敷跡）,"文化史跡,史跡","Cultural historic sites,historic sites"
梅若塚,"文化史跡,史跡","Cultural historic sites,historic sites"
熱海梅園の紅葉,"動・植物,植物","Animal and plant,plant"
希望が丘文化公園青年の城,"文化施設,センター施設","Cultural facilities,center facilities"
大島,"自然景観,海岸景観","Natural landscape,coastal landscape"
黒滝山,"自然景観,山岳","Natural landscape,mountain"
モッコク樹叢,"動・植物,植物","Animal and plant,plant"
三大神社,神社仏閣,Shrines and temples
真駒内屋外競技場スケート場,"スポーツ・レジャー,スケート場","Sports and leisure,skating rink"
二条市場,"地域風俗・風習,地域風俗","Local customs and Customs,local customs"
真壁のひなまつり,"祭事,行・祭事","Festivals,row and festivals"
円山公園,"公園・庭園,公園","Park and square or garden,park"
小田代ガ原,"自然景観,高原","Natural landscape,Plateau"
光徳寺,神社仏閣,Shrines and temples
水辺公園,"公園・庭園,公園","Park and square or garden,park"
船上山,"自然景観,山岳","Natural landscape,mountain"
神崎神社（荒神さん）,神社仏閣,Shrines and temples
伯耆稲荷神社,神社仏閣,Shrines and temples
船上山例大祭,"祭事,行・祭事","Festivals,row and festivals"
門司みなと祭,"祭事,行・祭事","Festivals,row and festivals"
姫路ばら園開園期間,"祭事,行・祭事","Festivals,row and festivals"
糸魚川荒波あんこう祭り（糸魚川会場）,"祭事,行・祭事","Festivals,row and festivals"
羊ヶ丘展望台,"施設景観,展望施設","Facility landscape,outlook facility"
大槌稲荷神社,神社仏閣,Shrines and temples
インフィオラータこうべ2015,"祭事,行・祭事","Festivals,row and festivals"
仙台・青葉まつり,"祭事,行・祭事","Festivals,row and festivals"
大盆栽まつり,"祭事,行・祭事","Festivals,row and festivals"
第31回 サザン・セト大島ロードレース大会,"祭事,行・祭事","Festivals,row and festivals"
東霧島神社,神社仏閣,Shrines and temples
興福院庭園,"公園・庭園,庭園","Park and square or garden,garden"
桜樹碑,名所,Attractions
蕨野五百羅漢,名所,Attractions
金王八幡宮,神社仏閣,Shrines and temples
かぶとの里　キャンプ場,"スポーツ・レジャー,キャンプ場","Sports and leisure,camping"
首なし地蔵,"文化史跡,史跡","Cultural historic sites,historic sites"
７番札所　十楽寺,神社仏閣,Shrines and temples
徳良湖,"自然景観,湖沼","Natural landscape,lakes"
ウスタイベ千畳岩,"自然景観,特殊地形","Natural landscape,special terrain"
浮島,"自然景観,湖沼","Natural landscape,lakes"
石貫ナギノ横穴群、石貫穴観音横穴,"文化史跡,史跡","Cultural historic sites,historic sites"
モーツアルト通り,名所,Attractions
せせらぎの里美濃白川ふるさと体験村佐見川峡キャンプ場,"スポーツ・レジャー,キャンプ場","Sports and leisure,camping"
神戸岩,"自然景観,特殊地形","Natural landscape,special terrain"
石人,"文化史跡,史跡","Cultural historic sites,historic sites"
藤田家住宅,"文化施設,歴史的建造物","Cultural facilities,historic buildings"
金剛寺庭園,"公園・庭園,庭園","Park and square or garden,garden"
総世寺,神社仏閣,Shrines and temples
報徳二宮神社,神社仏閣,Shrines and temples
羽黒山五重塔,"文化施設,歴史的建造物","Cultural facilities,historic buildings"
上三原の大クス,"動・植物,植物","Animal and plant,plant"
竜ヶ岩洞　子どもの日無料招待,"祭事,行・祭事","Festivals,row and festivals"
有明農業歴史資料館,"文化施設,博物館","Cultural facilities,museums"
ダグリ公園,"公園・庭園,公園","Park and square or garden,park"
花の館,"文化施設,センター施設","Cultural facilities,center facilities"
五輪塔,"文化史跡,史跡","Cultural historic sites,historic sites"
猪の倉温泉,温泉,Hot Springs
御岳渓谷,名所,Attractions
津金学校（旧須玉歴史資料館）,"文化施設,博物館","Cultural facilities,museums"
笠間市立歴史民俗資料館,"文化施設,産業観光施設","Cultural facilities,industrial tourism facilities"
竹内神社祭礼,"祭事,行・祭事","Festivals,row and festivals"
大宮八幡祭り,"祭事,行・祭事","Festivals,row and festivals"
熊本城「名月観賞の夕べ」,"祭事,行・祭事","Festivals,row and festivals"
フルーツカーニバル,"祭事,行・祭事","Festivals,row and festivals"
重陽神事と烏相撲,"祭事,行・祭事","Festivals,row and festivals"
第29回夕焼けプラットホームコンサート,"祭事,行・祭事","Festivals,row and festivals"
天草五橋祭,"祭事,行・祭事","Festivals,row and festivals"
のんのこ諫早まつり,"祭事,行・祭事","Festivals,row and festivals"
吉保八幡のやぶさめ,"祭事,行・祭事","Festivals,row and festivals"
桜ヶ池納櫃祭,"祭事,行・祭事","Festivals,row and festivals"
ふだいまつり,"祭事,行・祭事","Festivals,row and festivals"
秋の花物語,"祭事,行・祭事","Festivals,row and festivals"
石都々古和気神社例大祭,"祭事,行・祭事","Festivals,row and festivals"
例大祭やぶさめ祭り,"祭事,行・祭事","Festivals,row and festivals"
第32 全国新作花火競技大会,"祭事,行・祭事","Festivals,row and festivals"
御櫛神社,神社仏閣,Shrines and temples
第29回かわさき阿波おどり,"祭事,行・祭事","Festivals,row and festivals"
阿多古山（愛宕山）一里塚,"文化史跡,史跡","Cultural historic sites,historic sites"
久賀ダム（ジャイアンツ田んぼ）,"文化施設,近代的建造物","Cultural facilities,modern buildings"
しあわせ市（産直市）,"名産品,特産物（味覚）","Specialties,special product (taste)"
蒲生の大クス(国特別天然記念物）,"動・植物,植物","Animal and plant,plant"
ごんぱち池（権八池）,"自然景観,湖沼","Natural landscape,lakes"
稲生山（伊奈冨神社）のツツジ,"動・植物,植物","Animal and plant,plant"
安田城跡,"文化史跡,史跡","Cultural historic sites,historic sites"
東松島夏まつり,"祭事,行・祭事","Festivals,row and festivals"
大和市民まつり,"祭事,行・祭事","Festivals,row and festivals"
船橋市菊花展,"祭事,行・祭事","Festivals,row and festivals"
第11回尾道灯りまつり,"祭事,行・祭事","Festivals,row and festivals"
勝山秋祭り喧嘩だんじり,"祭事,行・祭事","Festivals,row and festivals"
鬼穴古墳群,"文化史跡,史跡","Cultural historic sites,historic sites"
庭月観音,神社仏閣,Shrines and temples
登見の丘,"自然景観,高原","Natural landscape,Plateau"
津久井やまびこ祭り,"祭事,行・祭事","Festivals,row and festivals"
八幡はしご酒祭り,"祭事,行・祭事","Festivals,row and festivals"
本荘マリーナオートキャンプ場,"公共の宿,公的宿泊施設","Public inn,public accommodation"
第38回 日本ボケ展,"祭事,行・祭事","Festivals,row and festivals"
芸石神楽競演大会,"祭事,行・祭事","Festivals,row and festivals"
中川町オートキャンプ場ナポートパーク,"スポーツ・レジャー,キャンプ場","Sports and leisure,camping"
2014ジャパンカップサイクルロードレース,"祭事,行・祭事","Festivals,row and festivals"
生石神社秋まつり,"祭事,行・祭事","Festivals,row and festivals"
豊野つつじ山まつり,"祭事,行・祭事","Festivals,row and festivals"
福泉寺秋季大祭,"祭事,行・祭事","Festivals,row and festivals"
やまんばの里となりの村の道めぐり,"祭事,行・祭事","Festivals,row and festivals"
神田古本まつり,"祭事,行・祭事","Festivals,row and festivals"
大野原八幡神社秋季大祭,"祭事,行・祭事","Festivals,row and festivals"
第15回東京よさこい,"祭事,行・祭事","Festivals,row and festivals"
上津田稲荷神社神殿入,"祭事,行・祭事","Festivals,row and festivals"
人吉おくんち祭り,"祭事,行・祭事","Festivals,row and festivals"
海産物収獲祭・地酒新酒発表会,"祭事,行・祭事","Festivals,row and festivals"
大津祭,"祭事,行・祭事","Festivals,row and festivals"
こどもの国　ツバキまつり,"祭事,行・祭事","Festivals,row and festivals"
宇都宮市農林業祭,"祭事,行・祭事","Festivals,row and festivals"
会津塩川バルーンフェスティバル,"祭事,行・祭事","Festivals,row and festivals"
2014さっぽろ菊まつり,"祭事,行・祭事","Festivals,row and festivals"
OTAふれあいフェスタ2014,"祭事,行・祭事","Festivals,row and festivals"
箱館五稜郭祭,"祭事,行・祭事","Festivals,row and festivals"
人形のまち岩槻・流しびな,"祭事,行・祭事","Festivals,row and festivals"
とくしま食材フェア2014,"祭事,行・祭事","Festivals,row and festivals"
2014川崎国際多摩川マラソン,"祭事,行・祭事","Festivals,row and festivals"
鎧崎,"自然景観,海岸景観","Natural landscape,coastal landscape"
鳥羽城跡,"文化史跡,史跡","Cultural historic sites,historic sites"
常安寺,神社仏閣,Shrines and temples
鳥羽みなとまち文学館,"文化施設,博物館","Cultural facilities,museums"
神戸マラソン,"祭事,行・祭事","Festivals,row and festivals"
御茶壷奉献奉告祭,"祭事,行・祭事","Festivals,row and festivals"
十日十夜別時念仏会,"祭事,行・祭事","Festivals,row and festivals"
松尾大社上卯大祭,"祭事,行・祭事","Festivals,row and festivals"
長岡京ガラシャ祭2014,"祭事,行・祭事","Festivals,row and festivals"
第14回 無形民族文化財指定神楽団 さくぎ共演大会,"祭事,行・祭事","Festivals,row and festivals"
秋の砥部焼まつり,"祭事,行・祭事","Festivals,row and festivals"
第32回　香川の漆器まつり,"祭事,行・祭事","Festivals,row and festivals"
第86回関東菊花競技大会,"祭事,行・祭事","Festivals,row and festivals"
天満宮秋季例大祭,"祭事,行・祭事","Festivals,row and festivals"
星鹿お宮日,"祭事,行・祭事","Festivals,row and festivals"
太子会式,"祭事,行・祭事","Festivals,row and festivals"
江津市 万葉の郷 椿祭り,"祭事,行・祭事","Festivals,row and festivals"
くさ野神社,神社仏閣,Shrines and temples
大聖寺,神社仏閣,Shrines and temples
佐々木俊一の譜碑,名所,Attractions
たかとり城まつり,"祭事,行・祭事","Festivals,row and festivals"
笠置もみじまつり,"祭事,行・祭事","Festivals,row and festivals"
RC航空ページェント,"祭事,行・祭事","Festivals,row and festivals"
日曜市,"地域風俗・風習,地域風俗","Local customs and Customs,local customs"
全国ねぎサミットinぐんま下仁田,"祭事,行・祭事","Festivals,row and festivals"
大森山 四阿,"施設景観,展望施設","Facility landscape,outlook facility"
日和山,"自然景観,山岳","Natural landscape,mountain"
源氏山公園の桜,"動・植物,植物","Animal and plant,plant"
若宮大路,"文化史跡,史跡","Cultural historic sites,historic sites"
常楽寺,神社仏閣,Shrines and temples
宝戒寺,神社仏閣,Shrines and temples
称名寺,神社仏閣,Shrines and temples
報国寺（竹寺）,神社仏閣,Shrines and temples
東慶寺,神社仏閣,Shrines and temples
光明寺庭園,"公園・庭園,庭園","Park and square or garden,garden"
亀ケ谷坂・仮粧坂,名所,Attractions
2015春はこども天国,"祭事,行・祭事","Festivals,row and festivals"
若松惠比須神社例大祭,"祭事,行・祭事","Festivals,row and festivals"
年越厄除大祭,"祭事,行・祭事","Festivals,row and festivals"
観音様　お身ぬぐい,"祭事,行・祭事","Festivals,row and festivals"
大阪義士祭,"祭事,行・祭事","Festivals,row and festivals"
火渉祭,"祭事,行・祭事","Festivals,row and festivals"
第25回 恵那市伝統芸能大会,"祭事,行・祭事","Festivals,row and festivals"
春の藤原まつり,"祭事,行・祭事","Festivals,row and festivals"
芭蕉春塚,"文化史跡,史跡","Cultural historic sites,historic sites"
和倉温泉総湯,"文化施設,センター施設","Cultural facilities,center facilities"
能登島,"自然景観,海岸景観","Natural landscape,coastal landscape"
別所岳,"自然景観,山岳","Natural landscape,mountain"
第33回　尾道新人演奏会,"祭事,行・祭事","Festivals,row and festivals"
駒ヶ岳神社例祭「太々神楽」,"祭事,行・祭事","Festivals,row and festivals"
エアターミナルホテル,"ホテル,ビジネスホテル","Hotel,Business Hotel"
神戸山王まつり,"祭事,行・祭事","Festivals,row and festivals"
浜名湖遊覧船,"乗り物,遊覧船","Vehicle,pleasure boat"
かんざんじロープウェイ,"乗り物,ケーブルカー・ロープウェイ","Vehicle,cable car ropeway"
玉性院節分つり込み祭り,"祭事,行・祭事","Festivals,row and festivals"
弥美神社例祭,"祭事,行・祭事","Festivals,row and festivals"
厳島湿生公園「竹灯篭の夕べ」,"祭事,行・祭事","Festivals,row and festivals"
布施神社　お田植祭,"祭事,行・祭事","Festivals,row and festivals"
湯かけまつり,"祭事,行・祭事","Festivals,row and festivals"
千枚田田植え,"祭事,行・祭事","Festivals,row and festivals"
坂町悠々健康ウオーキング大会,"祭事,行・祭事","Festivals,row and festivals"
永平寺花祭り,"祭事,行・祭事","Festivals,row and festivals"
春の美濃焼伝統工芸品まつり,"祭事,行・祭事","Festivals,row and festivals"
薪御能,"祭事,行・祭事","Festivals,row and festivals"
北前まつり,"祭事,行・祭事","Festivals,row and festivals"
与謝野鉄幹の歌碑,名所,Attractions
宇佐八幡宮／しゃくなげ,"動・植物,植物","Animal and plant,plant"
七の市,"祭事,行・祭事","Festivals,row and festivals"
アジサイ・ハナショウブ鑑賞,"祭事,行・祭事","Festivals,row and festivals"
小倉城桜まつり,"祭事,行・祭事","Festivals,row and festivals"
長瀞火祭り,"祭事,行・祭事","Festivals,row and festivals"
御田植祭（御田植神事）,"祭事,行・祭事","Festivals,row and festivals"
おいで祭,"祭事,行・祭事","Festivals,row and festivals"
葛原岡・大仏ハイキングコース,"レクリエーション,ハイキングコース","Recreation,hiking trails"
ぐるっと松江レイクライン,"車,観光タクシー・ハイヤー・周遊バス","Car,tourist taxi Higher tour bus"
奥多摩温泉,温泉,Hot Springs
和渕夏まつり,"祭事,行・祭事","Festivals,row and festivals"
渡良瀬バルーンレース2015,"祭事,行・祭事","Festivals,row and festivals"
醍醐の桜会,"祭事,行・祭事","Festivals,row and festivals"
道の駅おがち　「小町の郷」,"観光案内,観光案内所一覧","Tourist information,tourist office List"
梵字川渓谷の紅葉,"動・植物,植物","Animal and plant,plant"
法多山さくらまつり,"祭事,行・祭事","Festivals,row and festivals"
第40回 野毛大道芸,"祭事,行・祭事","Festivals,row and festivals"
第17回 フラワーフェスティバル由木,"祭事,行・祭事","Festivals,row and festivals"
ふじざくら祭り,"祭事,行・祭事","Festivals,row and festivals"
九品寺,神社仏閣,Shrines and temples
西片屋観光さくらんぼ園,"レクリエーション,観光農林業","Recreation,tourism agriculture and forestry"
田麦俣,"施設景観,町並み","Facility landscape,townscape"
百川海水浴場,"レクリエーション,海水浴場","Recreation,beaches"
大沼国際セミナーハウス,"文化施設,センター施設","Cultural facilities,center facilities"
仏像焼却跡,"文化史跡,史跡","Cultural historic sites,historic sites"
阿久根大島,"自然景観,海岸景観","Natural landscape,coastal landscape"
錦・くらんど公園,"公園・庭園,公園","Park and square or garden,park"
ウインターイルミネーション,"祭事,行・祭事","Festivals,row and festivals"
生花苗沼,"自然景観,湖沼","Natural landscape,lakes"
小鳥ヶ池,"自然景観,湖沼","Natural landscape,lakes"
サンドパイプ（巣穴の化石）,"自然景観,特殊地形","Natural landscape,special terrain"
アップルラインのりんごの花,"動・植物,植物","Animal and plant,plant"
大西(棚田),"施設景観,郷土景観","Facility landscape,local landscape"
長野市営上里健康スポーツセンター,"スポーツ・レジャー,スポーツリゾート施設","Sports and leisure,sports resort"
長野市営鬼無里運動場,"スポーツ・レジャー,スポーツリゾート施設","Sports and leisure,sports resort"
中条トライアルランド,"スポーツ・レジャー,スポーツリゾート施設","Sports and leisure,sports resort"
悪口まつり,"祭事,行・祭事","Festivals,row and festivals"
牛深あかね市,"祭事,行・祭事","Festivals,row and festivals"
江戸城跡,"文化史跡,史跡","Cultural historic sites,historic sites"
湯之平展望所,"施設景観,展望施設","Facility landscape,outlook facility"
神流川古戦場,"文化史跡,史跡","Cultural historic sites,historic sites"
出羽国分寺薬師堂,神社仏閣,Shrines and temples
岐阜まつり協賛・第43回道三まつり,"祭事,行・祭事","Festivals,row and festivals"
華蔵寺公園のさくら,"動・植物,植物","Animal and plant,plant"
宮崎県ひなもり台県民ふれあいの森,"自然景観,高原","Natural landscape,Plateau"
石廊崎周遊船,"乗り物,遊覧船","Vehicle,pleasure boat"
放光寺,神社仏閣,Shrines and temples
四柱神社,神社仏閣,Shrines and temples
霞ヶ浦総合公園ネイチャーセンター,"文化施設,センター施設","Cultural facilities,center facilities"
アテの元祖,"動・植物,植物","Animal and plant,plant"
乗鞍高原,"レクリエーション,自然歩道・自然研究路","Recreation,nature trails and natural research paths"
伊東塚,"文化史跡,史跡","Cultural historic sites,historic sites"
湯西川温泉,温泉,Hot Springs
新発田城カントリー倶楽部,"スポーツ・レジャー,ゴルフ場","Sports and leisure,golf"
旧岡山藩藩学,"文化史跡,史跡","Cultural historic sites,historic sites"
倉安川吉井水門,"文化史跡,史跡","Cultural historic sites,historic sites"
堂の口あけ祭り,"祭事,行・祭事","Festivals,row and festivals"
たらい舟川下り,"祭事,行・祭事","Festivals,row and festivals"
千古の滝,"自然景観,河川景観","Natural landscape,river landscape"
畑貯水池,"自然景観,湖沼","Natural landscape,lakes"
真田氏本城跡,"文化史跡,史跡","Cultural historic sites,historic sites"
常楽寺,神社仏閣,Shrines and temples
扇温泉,温泉,Hot Springs
坊主ケ滝,"自然景観,河川景観","Natural landscape,river landscape"
国際染織美術館,"文化施設,美術館","Cultural facilities,Museum of Art"
角田中央公園,"公園・庭園,公園","Park and square or garden,park"
三崎山古戦場,"文化史跡,史跡","Cultural historic sites,historic sites"
黒岩山,"動・植物,動物","Animal and plant,animal"
京田海岸,"自然景観,海岸景観","Natural landscape,coastal landscape"
永江ノ滝,"自然景観,河川景観","Natural landscape,river landscape"
宝泉峡,"自然景観,河川景観","Natural landscape,river landscape"
福井県奥越高原牧場,"レクリエーション,観光牧場","Recreation,Tourism ranch"
夕やけだんだん,"施設景観,展望施設","Facility landscape,outlook facility"
宇奈月ダム,"文化施設,近代的建造物","Cultural facilities,modern buildings"
たいら郷土館,"文化施設,博物館","Cultural facilities,museums"
侍ニッポンの碑,名所,Attractions
伊那谷道中 かぶちゃん村,"レクリエーション,テーマパーク・レジャーランド","Recreation,Theme Park and Leisure Land"
名勝天龍峡温泉,温泉,Hot Springs
手打ちそば　あるぷす,郷土料理店,Local restaurant
室生龍穴神社,神社仏閣,Shrines and temples
豊丘ダム(昇竜湖),"自然景観,湖沼","Natural landscape,lakes"
米子大瀑布不動滝,"自然景観,河川景観","Natural landscape,river landscape"
オリエントホテル高知和風別館　吉萬,旅館,Japanese hotel
与止日女神社（川上神社）,神社仏閣,Shrines and temples
広隆寺,神社仏閣,Shrines and temples
大沼湖あやめ園,"動・植物,植物","Animal and plant,plant"
関ヶ原合戦岡山本陣跡,"文化史跡,史跡","Cultural historic sites,historic sites"
浄閑寺（投込寺）,神社仏閣,Shrines and temples
伊那公園,"公園・庭園,公園","Park and square or garden,park"
鍋平高原,"自然景観,高原","Natural landscape,Plateau"
愛宕神社,神社仏閣,Shrines and temples
猪洞渓谷,"自然景観,河川景観","Natural landscape,river landscape"
勝光寺,神社仏閣,Shrines and temples
朱鞠内湖,"自然景観,湖沼","Natural landscape,lakes"
判官館,"文化史跡,史跡","Cultural historic sites,historic sites"
奥山寺遊仙峡,"自然景観,河川景観","Natural landscape,river landscape"
郷土館,"文化施設,歴史的建造物","Cultural facilities,historic buildings"
耶馬渓ダム湖,"自然景観,湖沼","Natural landscape,lakes"
明和義民の碑,名所,Attractions
赤浜海岸公園,"公園・庭園,公園","Park and square or garden,park"
石廊崎,"自然景観,海岸景観","Natural landscape,coastal landscape"
多田神社,神社仏閣,Shrines and temples
日張山・青蓮寺,神社仏閣,Shrines and temples
川上山若宮八幡神社,神社仏閣,Shrines and temples
新川渓谷,"自然景観,河川景観","Natural landscape,river landscape"
西福寺書院庭園,"公園・庭園,庭園","Park and square or garden,garden"
箕輪城跡,"文化史跡,史跡","Cultural historic sites,historic sites"
山ノ上の碑と古墳,"文化史跡,史跡","Cultural historic sites,historic sites"
熊襲の穴,"文化史跡,史跡","Cultural historic sites,historic sites"
隼人塚,"文化史跡,史跡","Cultural historic sites,historic sites"
金剛寺の牡丹,"動・植物,植物","Animal and plant,plant"
富ヶ浦公園,"公園・庭園,公園","Park and square or garden,park"
竜王峡,"自然景観,河川景観","Natural landscape,river landscape"
デイゴ,"動・植物,植物","Animal and plant,plant"
山口谷川,"自然景観,河川景観","Natural landscape,river landscape"
蓑島・長井浜,"自然景観,海岸景観","Natural landscape,coastal landscape"
リバーピア吾妻橋,名所,Attractions
愛宕神社のケヤキ,"動・植物,植物","Animal and plant,plant"
清水八幡の夫婦ケヤ木,"動・植物,植物","Animal and plant,plant"
不動山正観寺,神社仏閣,Shrines and temples
伊砂砂神社,神社仏閣,Shrines and temples
仙酔島の海食洞,"自然景観,特殊地形","Natural landscape,special terrain"
源覚寺（こんにゃくえんま）,神社仏閣,Shrines and temples
八坂の大滝,"自然景観,河川景観","Natural landscape,river landscape"
間々田八幡公園,"公園・庭園,公園","Park and square or garden,park"
吉野愛宕山のツツジ,"動・植物,植物","Animal and plant,plant"
大町観光道路の桜,"動・植物,植物","Animal and plant,plant"
居谷里湿原のリュウキンカ,"動・植物,植物","Animal and plant,plant"
円空仏（栃尾観音堂）,神社仏閣,Shrines and temples
鍋田浜海水浴場,"レクリエーション,海水浴場","Recreation,beaches"
高瀬渓谷,"動・植物,植物","Animal and plant,plant"
今山大師寺,神社仏閣,Shrines and temples
御頭神社,神社仏閣,Shrines and temples
尾高智神社,神社仏閣,Shrines and temples
大江戸骨董市 in 代々木公園,"祭事,行・祭事","Festivals,row and festivals"
仁科神明宮社殿,"文化施設,歴史的建造物","Cultural facilities,historic buildings"
住吉神社,神社仏閣,Shrines and temples
かんぽの宿福井,旅館,Japanese hotel
都留カントリー倶楽部,"スポーツ・レジャー,ゴルフ場","Sports and leisure,golf"
宮浦宮の夫婦いちょう,"動・植物,植物","Animal and plant,plant"
オガタマの木,"動・植物,植物","Animal and plant,plant"
庚申塚古墳,"文化史跡,史跡","Cultural historic sites,historic sites"
水牛,"動・植物,動物","Animal and plant,animal"
大浜海浜公園,"公園・庭園,公園","Park and square or garden,park"
プレジデントカントリー倶楽部　軽井沢コース,"スポーツ・レジャー,ゴルフ場","Sports and leisure,golf"
唐花見湿原,"レクリエーション,自然歩道・自然研究路","Recreation,nature trails and natural research paths"
大洗八朔祭,"祭事,行・祭事","Festivals,row and festivals"
兼六園のカキツバタ,"動・植物,植物","Animal and plant,plant"
平和公園,"公園・庭園,公園","Park and square or garden,park"
ホタルの里・水車公園,"公園・庭園,公園","Park and square or garden,park"
北川流域,"レクリエーション,観光漁業","Recreation,Tourism fishing"
滝里湖,"自然景観,湖沼","Natural landscape,lakes"
夜の森つつみ公園,"公園・庭園,公園","Park and square or garden,park"
ラ・カスタ ナチュラルヒーリングガーデン,"文化施設,産業観光施設","Cultural facilities,industrial tourism facilities"
西尾ゴルフクラブ,"スポーツ・レジャー,ゴルフ場","Sports and leisure,golf"
麻の館,"観光案内,体験観光","Tourist information,experience tourism"
龍眼寺（萩寺）,神社仏閣,Shrines and temples
深川不動堂,神社仏閣,Shrines and temples
富岡八幡宮,神社仏閣,Shrines and temples
シャクナゲ,"動・植物,植物","Animal and plant,plant"
杉原の大杉,"動・植物,植物","Animal and plant,plant"
寒山寺,神社仏閣,Shrines and temples
神州不滅の碑,名所,Attractions
西湖蝙蝠穴,"自然景観,特殊地形","Natural landscape,special terrain"
筥崎宮,神社仏閣,Shrines and temples
櫛田神社,神社仏閣,Shrines and temples
青森県りんご史料館とりんご栽培試験圃場（青森県農林総合研究センターりんご試験場）,"文化施設,産業観光施設","Cultural facilities,industrial tourism facilities"
唐人屋敷跡,"文化史跡,史跡","Cultural historic sites,historic sites"