観光地名,都道府県,住所,紹介文,営業日,電話番号,参考URL,写真,カテゴリー
二見シーパラダイス,三重県,伊勢市二見町江５８０,二見プラザに隣接する水族館でセイウチなどの海獣をはじめ、淡水魚、熱帯魚などたくさんの海の生き物を見ることができる。海獣ショーやふれあいタイムが人気。,通年,0596-42-1760,http://www.futami-seaparadise.com/,https://docs.google.com/a/user-support-center.jp/file/d/0B3_b4po9GqAOQk0wX0ZVUFBVMkE/edit?usp=docslist_api,水族館
ラ・しじみ（体験）,福井県,三方郡美浜町久々子８－１０－１,しじみの産地である久々子湖で、しじみを自分で収穫する体験ができるスポットが誕生。しじみは持ち帰ることもでき、若狭路の思い出と共にお土産になりそう。体験は予約制。,通年,0770-32-2283,,https://docs.google.com/a/user-support-center.jp/file/d/0B3_b4po9GqAOb2pZYldLWTA2UWs/edit?usp=docslist_api,観光漁業・定置網
レインボーライン山頂公園,福井県,三方上中郡若狭町梅丈岳,「レインボーライン」駐車場からリフトで登ると若狭湾・三方五湖を一度に見渡せる大パノラマが広がる。「恋人の聖地」として認定され恋愛成就の場としても有名。「誓いの鍵」は20万個もかかる。,通年,0770-45-2678,,https://docs.google.com/a/user-support-center.jp/file/d/0B3_b4po9GqAOdHp4eFN0VkZtUjQ/edit?usp=docslist_api,展望台・展望地
１３８タワーパーク,愛知県,一宮市光明寺浦崎２１－３,国営木曽三川公園にそびえるツインアーチ138を中心とした公園。地上約100mの展望階からは広大な濃尾平野や木曽川の流れなどを一望できる。,通年,0586-51-7105,http://www.kisosansenkoen.go.jp,https://docs.google.com/a/user-support-center.jp/file/d/0B3_b4po9GqAOUzZvdmZabDdscm8/edit?usp=docslist_api,タワー
黒部ダム,富山県,中新川郡立山町芦峅寺ブナ国有林,黒部川に造られたダムで、日本最大級のアーチ式ドーム型ダム。高さ186m、長さ492m、総貯水量約2億トン。昭和38（1963）年完成。観光放水は6月26日～10月15日。人工の黒部湖には遊覧船もある。,4月中旬～11月,0261-22-0804,http://www.kurobe-dam.com,https://docs.google.com/a/user-support-center.jp/file/d/0B3_b4po9GqAOMUR2MUE3dGlLdTg/edit?usp=docslist_api,その他の名所
豊橋総合動植物公園（のんほいパーク）,愛知県,豊橋市大岩町大穴１－２３８,のんほいパークの愛称で親しまれている動植物公園。広い園内にはサイやシマウマなどがいるアフリカ園、極地動物館が点在し、数多くの動物が飼育されている。,通年,0532-41-2185,http://www.toyohaku.gr.jp/tzb/,https://docs.google.com/a/user-support-center.jp/file/d/0B3_b4po9GqAOVDFkMUtjcS1fcEU/edit?usp=docslist_api,公園・緑地
なばなの里,三重県,桑名市長島町駒江漆畑２７０,季節の花に満ちたテーマパーク。「ベゴニアガーデン」を中心に、広々とした庭園、露天風呂が楽しめる「里の湯」、地ビールレストランなどがそろい、一日楽しめる。,通年,0594-41-0787,http://www.nagashima-onsen.co.jp/,https://docs.google.com/a/user-support-center.jp/file/d/0B3_b4po9GqAOTFJrSzdzWFk1Zlk/edit?usp=docslist_api,遊園地
サツキとメイの家,愛知県,長久手市茨ヶ廻間乙１５３３－１　愛・地球博記念公園内,平成17（2005）年に開催された、愛知万博で大人気だった施設。映画『となりのトトロ』の主人公の家。見学は予約が便利。観覧希望日の前々日まで購入可能。空きがある場合当日先着順受付もあり。,通年,0561-64-1130,http://moricoro-park.com/shisetsu/satsukitomei/,https://docs.google.com/a/user-support-center.jp/file/d/0B3_b4po9GqAOa1hUZHpST25yZkk/edit?usp=docslist_api,その他の文化施設
義経の舟隠し,石川県,羽咋郡志賀町前浜地内,間口5mほど、奥行き約100mという細長く深い入江。周辺は義経伝説が残されており、奥州に向かう一行が入り江に50艘近い船を隠したといわれる。,通年,0767-32-1111,,https://docs.google.com/a/user-support-center.jp/file/d/0B3_b4po9GqAOQV9lRUZQaXJlUVE/edit?usp=docslist_api,特殊地形
若狭和田海水浴場,福井県,大飯郡高浜町和田,環境省の「日本水浴場88選」に選定された白く美しい砂浜と遠浅で水がきれいな海。若狭路の海水浴場のメッカともいえるここは、若者や家族連れなど、多くの人たちで賑わう。,7月上旬～8月中旬,0770-72-0338,http://www.wakasa-takahama.jp/,https://docs.google.com/a/user-support-center.jp/file/d/0B3_b4po9GqAOMGFaRjJrbnk3NE0/edit?usp=docslist_api,海水浴場・湖水浴場
乗政大滝,岐阜県,下呂市乗政,周囲にそびえる1600m級の山々から集まった水が、落差約21mの滝となって落ちていく。周辺は散策路も整備され、また水温変化が少ないことからワサビ栽培に利用されている。,通年,0576-24-2222,,https://docs.google.com/a/user-support-center.jp/file/d/0B3_b4po9GqAOYUtzTEFDOWtrUHM/edit?usp=docslist_api,滝
ナナちゃん人形,愛知県,名古屋市中村区名駅1-2-1 名鉄百貨店メンズ館1Fエントランス前,"高速バスで名古屋入りし、名鉄バスセンターから見当をつけて出ると、ぴったり「ナナちゃん」前だった！
季節によって衣替えするようで、夏の水着だったら、目のやり場に困るかなぁ＾＾
サンタスタイルや着物姿も見てみたいし、待ち合わせ場所にも使いたいね♪",,-,,https://docs.google.com/a/user-support-center.jp/file/d/0B3_b4po9GqAONnRlSkZEYWRtT1k/edit?usp=docslist_api,その他の名所
新穂高ロープウェイ,岐阜県,高山市奥飛騨温泉郷　新穂高,日本初の2階建てロープウェイが運行。新穂高温泉駅から標高2156mの西穂高口まで3200m、約20分間の空中散歩を楽しめる。西穂高口には、展望レストランや千石園地がある。,通年,0578-89-2252,http://www.okuhi.jp/,https://docs.google.com/a/user-support-center.jp/file/d/0B3_b4po9GqAOcWR5RkZKeHRUaTA/edit?usp=docslist_api,ロープウェイ・ケーブルカー
キリンビアパーク名古屋（レストラン　ブルワーズハウス）（見学）,愛知県,清須市寺野花笠１００,「驚きと感動、心が動く」をテーマに600インチの超ワイド映像等4つの最新特殊映像手法を採用し、5感に訴える体感型、臨場感ある展示空間がある。,通年,052-408-2000（レストランは052-400-8260）,http://www.kirin.co.jp/beerpark-nagoya,https://docs.google.com/a/user-support-center.jp/file/d/0B3_b4po9GqAOMGxSUmo5VDdNTHM/edit?usp=docslist_api,その他の見学施設
トヨタ会館,愛知県,豊田市トヨタ町１,トヨタ自動車のクルマづくりへの取り組みを紹介。環境や安全に関する最新技術を見られるほか、モータースポーツのコーナーや新車ショールームなどがある。,通年,0565-29-3345,http://www.toyota.co.jp/toyotakaikan/,https://docs.google.com/a/user-support-center.jp/file/d/0B3_b4po9GqAOUlJTQzJzQTZrMWM/edit?usp=docslist_api,資料館・郷土館
平和公園,愛知県,名古屋市千種区平和公園３丁目３８０１,平和への願いを込めて緩やかな丘陵地帯に作られた墓地公園。広々とした園内には針葉樹や広葉樹など自然林が残り、散策を楽しむには最適のスポットだ。猫ヶ洞池では釣りも楽しめる。,通年,052-782-2111,,https://docs.google.com/a/user-support-center.jp/file/d/0B3_b4po9GqAOQmxwSlk4M05hZ2c/edit?usp=docslist_api,公園・緑地
伊良湖岬灯台,愛知県,田原市伊良湖岬,伊良湖岬の最先端に建つ白亜の灯台。恋路ヶ浜から歩いて行くことができる。海原を行く船の安全を守るとともに、渥美半島のシンボル的な存在となっている。,通年,0531-23-3516,http://www.taharakankou.gr.jp/spot/000008.html,https://docs.google.com/a/user-support-center.jp/file/d/0B3_b4po9GqAOWEZrb1Zic3IwQk0/edit?usp=docslist_api,灯台
永保寺,岐阜県,多治見市虎溪山町１丁目４０,臨済宗南禅寺派の禅寺で、見事な庭園美に定評がある古刹。鎌倉末期に足利尊氏の寄進により建築され夢窓国師によって開基された。観音堂や開山堂は国宝に指定されている。庭園は国の名勝に指定。,通年,0572-22-0351,,https://docs.google.com/a/user-support-center.jp/file/d/0B3_b4po9GqAOS0ZKdnpZZXhiMWs/edit?usp=docslist_api,寺院（観音・不動）
石川県庁展望ロビー,石川県,金沢市鞍月1-1 石川県庁19階,"金沢を一望できます。
ただ、郊外なので、どうなんでしょう？　ひがし茶屋街の上に卯辰山があるのですが
そこからの風景の方が金沢らしいような気もしました",,076-225-1362,,https://docs.google.com/a/user-support-center.jp/file/d/0B3_b4po9GqAOUWFacWJrN2dpYms/edit?usp=docslist_api,タワー
福井県陶芸館,福井県,丹生郡越前町小曽原１２０－６１,日本六古窯に名を連ねる越前焼きは、平安時代末期に築窯したとされる。薪の灰によってできる自然釉の風合いが魅力だ。,通年,0778-32-2174,http://www.togeikan.jp/togeikan.html,https://docs.google.com/a/user-support-center.jp/file/d/0B3_b4po9GqAOeVYzQk5xeVdHU2c/edit?usp=docslist_api,その他の体験施設
金沢２１世紀美術館,石川県,金沢市広坂１丁目２－１,円形のユニークな建物で、周囲はすべてガラス張りというざん新なデザインが目を引く美術館。レアンドロ・エルリッヒ作の「スイミング・プール」などのコミッションワークが人気を呼んでいる。,通年,076-220-2800,http://www.kanazawa21.jp/,https://docs.google.com/a/user-support-center.jp/file/d/0B3_b4po9GqAOTUtFUERkeUtHTjg/edit?usp=docslist_api,美術館・ギャラリー
名古屋三越　栄店,愛知県,名古屋市中区栄３丁目５－１,栄の中心に位置し、レディースファッションを中心にメンズやキッズ、食品に至るまで高感度なファッションアイテムを提案。幅広い年齢層に人気の百貨店。,通年,052-252-1111,http://nagoya.mitsukoshi.co.jp,https://docs.google.com/a/user-support-center.jp/file/d/0B3_b4po9GqAOQzg5dE5nUHA2T00/edit?usp=docslist_api,デパート
新城総合公園,愛知県,新城市浅谷ヒヨイタ４０,展望塔があり、各種スポーツ施設が充実した公園。樹木が茂る学習の森や、紅葉の森などが整備され、散策にも適している。わんぱく広場には遊具が充実している。,通年,0536-25-1144,http://aichi-koen.com/shinshiro/,https://docs.google.com/a/user-support-center.jp/file/d/0B3_b4po9GqAOQVVibnpCdXRDWTA/edit?usp=docslist_api,公園・緑地
アサヒビール株式会社名古屋工場（見学）,愛知県,名古屋市守山区西川原町３１８,厳選された原料からビールができる工程を、案内係の説明を聞きながら見学できる。見学後はできたてのビール（20分間、一人3杯まで）やソフトドリンクの試飲ができる。ギフトショップも充実。,通年,052-792-8966,http://www.asahibeer.co.jp/brewery/nagoya/,https://docs.google.com/a/user-support-center.jp/file/d/0B3_b4po9GqAOaFo2SElFWl9iREE/edit?usp=docslist_api,その他の見学施設
岡崎市南公園,愛知県,岡崎市若松町萱林１－１,池を中心に遊園地やプール、運動場などがある。幼児向きののりもの遊具が充実し、観覧車やメリーゴーラウンドなどが比較的安価に楽しめる。ゴーカートで交通ルールも学べる。,通年（プールは6月下旬～9月上旬）,0564-52-9095,,https://docs.google.com/a/user-support-center.jp/file/d/0B3_b4po9GqAOdk4zNjZJeXVrdzQ/edit?usp=docslist_api,遊園地
若狭たかはまエルどらんど,福井県,大飯郡高浜町青戸４－１,体験しながら楽しく遊べるサイエンスパーク。熱帯雨林の温室「トロピカルワンダー」など、ダイナミックなアミューズメントがいっぱい。,通年,0770-72-5890,http://www.kepco.co.jp/pr/eldoland/index.html,https://docs.google.com/a/user-support-center.jp/file/d/0B3_b4po9GqAOaTlxYzV5cWZMa28/edit?usp=docslist_api,その他の体験施設
海辺の文学記念館,愛知県,蒲郡市竹島町１５－６２,大正・昭和の文人たちに愛された施設「常磐館」の跡地に建つ記念館。当時の備品などが置かれた和室から眺める竹島は往時そのままだ。未来に届く時手紙も人気。,通年,0533-67-0070,,https://docs.google.com/a/user-support-center.jp/file/d/0B3_b4po9GqAOVTdyeGp2MjJUdHM/edit?usp=docslist_api,資料館・郷土館
東邦ガス　ガスエネルギー館,愛知県,東海市新宝町５０７－２,「地球温暖化とエネルギー」がテーマ。エネルギーと環境について見て触れて楽しく学ぶことができる。年に2回開催されるエネルギーと環境のイベントはHPで確認可能だ。,通年,052-603-2527,http://www.tohogas.co.jp/gas-enekan,https://docs.google.com/a/user-support-center.jp/file/d/0B3_b4po9GqAORnRheGJfNFp3OEk/edit?usp=docslist_api,学習館・科学館
白谷海水浴場,愛知県,田原市白磯５,透明度抜群のきれいな海、青々とした芝生、清潔な砂浜が自慢の海水浴場。まるで海外のリゾート地でバカンスを楽しんでいるような気分になれる。土・日曜にはイベントも開催。,7月中旬～8月,0531-22-7300（開設期間外は0531-23-3516・渥美半島観光）,http://www.taharakankou.gr.jp/spot/000013.html,https://docs.google.com/a/user-support-center.jp/file/d/0B3_b4po9GqAOai1xbmR3R0dwWVU/edit?usp=docslist_api,海水浴場・湖水浴場
うなぎパイファクトリー（見学）,静岡県,浜松市西区大久保町７４８－５１,静岡を代表する銘菓「うなぎパイ」を製造する工場。専用窯で焼き上げたパイを検品する様子などを見学できる。カフェサロンではうなぎパイ使用のオリジナルスイーツも味わえる。,通年,053-482-1765,http://www.shunkado.co.jp/,https://docs.google.com/a/user-support-center.jp/file/d/0B3_b4po9GqAOSlNqcnJLemtSRWM/edit?usp=docslist_api,その他の見学施設
うるしの里会館,福井県,鯖江市西袋町４０－１－２,漆工芸の五大産地に数えられる越前漆器は、高度な職人技「花塗り」による深く艶やかな光沢と優雅な装飾が魅力。,通年,0778-65-2727,http://www.echizen.or.jp/,https://docs.google.com/a/user-support-center.jp/file/d/0B3_b4po9GqAOYkptZGhRTTY5LWc/edit?usp=docslist_api,その他の体験施設
大一美術館,愛知県,名古屋市中村区鴨付町１丁目２２,レンガの壁がシックなガラスアートの美術館。19世紀末フランスで活躍したエミール・ガレのアールヌーボーの作品と、現代作家デイル・チフーリの作品をコレクション。,通年,052-413-6777,http://www.daiichi-museum.co.jp,https://docs.google.com/a/user-support-center.jp/file/d/0B3_b4po9GqAOSkVYMnhTdXJmQVU/edit?usp=docslist_api,美術館・ギャラリー
賀茂しょうぶ園,愛知県,豊橋市賀茂町　鎌田地内,ハナショウブの名所。園内には、江戸系、肥後系、伊勢系のハナショウブ約300種、3万7000株が咲きそろう。賀茂神社近くで花しょうぶまつりも開催。期間中はライトアップされる。,通年（花しょうぶまつりは5月下旬～6月中旬）,0532-54-1484,,https://docs.google.com/a/user-support-center.jp/file/d/0B3_b4po9GqAOU1ZRZkQxSXJHNmM/edit?usp=docslist_api,花の名所
志摩スペイン村パルケエスパーニャ,三重県,志摩市磯部町坂崎,スペインムードあふれるテーマパーク。ユニークなアトラクションをはじめ、キャラクターやスペイン人によるショー、レストラン、ショップなどで、スペインの魅力を紹介。,3～6月中旬、7月中旬～翌1月,0599-57-3333（パルケエスパーニャテレフォンインフォメーション）,http://www.parque-net.com/,https://docs.google.com/a/user-support-center.jp/file/d/0B3_b4po9GqAOQjl5QlJUX253UVk/edit?usp=docslist_api,遊園地
海王丸パーク,富山県,射水市海王町８,「海の貴婦人」と称された海王丸を保存するために造られた公園。海王丸の船内は一般公開され、年間10回、総帆展帆（そうはんてんぱん）を見ることができる。,通年,0766-82-5181,http://www.kaiwomaru.jp/,https://docs.google.com/a/user-support-center.jp/file/d/0B3_b4po9GqAOeXMxUVZWMWdaNkU/edit?usp=docslist_api,資料館・郷土館
掛川花鳥園,静岡県,掛川市南西郷１５１７,夏は涼しく冬は温かい温室の中で、色鮮やかな花や人なつこい鳥類とふれあったり餌を与えたりすることができる全天候型施設。バードショーも好評開催中だ。,通年,0537-62-6363,http://k-hana-tori.com/,https://docs.google.com/a/user-support-center.jp/file/d/0B3_b4po9GqAOQklBNnRTQ2lkemc/edit?usp=docslist_api,自然歩道・ふれあいの道
稲荷山茶園公園,愛知県,西尾市上町稲荷山,市街地西の小高い丘にある稲荷山茶園公園からは周辺の茶畑を一望のもとに見渡すことができる。毎年5月上旬ごろから5月下旬ごろにかけては茶摘み作業も眺められる。,通年,0563-57-7840,http://www.240kanko.com/?p=932&subid=33,https://docs.google.com/a/user-support-center.jp/file/d/0B3_b4po9GqAOY3IxS19PWG9KNk0/edit?usp=docslist_api,展望台・展望地
はるひ夢の森公園,愛知県,清須市春日夢の森１,屋外展示回廊棟、屋外ステージがある多目的広場などを中心に広がる。バッテリーカーやおもしろ自転車などの遊具は季節により利用時間が違うので要確認。（土・日曜、祝日のみ営業）。,通年,052-401-3881,http://www.yumenomori-kiyosu.jp,https://docs.google.com/a/user-support-center.jp/file/d/0B3_b4po9GqAOd1hOU0Q4RkNUUVE/edit?usp=docslist_api,公園・緑地
福井県海浜自然センター,福井県,三方上中郡若狭町世久見１８－２,若狭湾の魚が泳ぐ水槽の魚にエサをあげられる「ふしぎな水槽」と若狭湾を詳しく説明したコーナーや、三方五湖の自然について詳しく説明したコーナーがある。,通年,0770-46-1101,http://www.fcnc.jp/,https://docs.google.com/a/user-support-center.jp/file/d/0B3_b4po9GqAOVUZUTER0VHBza1E/edit?usp=docslist_api,学習館・科学館
牧歌の里,岐阜県,郡上市高鷲町鷲見２７５６－２,豊かな自然に囲まれた高原にあり、広い芝生や色とりどりの花、そして牛や馬に会えるネイチャーワールド。引き馬や搾乳、パン作りなど、体験施設も充実している。,4月下旬～11月下旬（牧歌の里温泉は通年）,0575-73-2888,http://www.bokka.co.jp/,https://docs.google.com/a/user-support-center.jp/file/d/0B3_b4po9GqAOYm1WTldUYVlIcm8/edit?usp=docslist_api,遊園地
サイエンスワールド,岐阜県,瑞浪市明世町戸狩５４,科学の原理やおもしろさを体験できるプログラムがあり、大人から子供まで楽しめる体験型科学館。サイエンスショーが行われるほか、ワークショップがある。,通年,0572-66-1151,http://www.scienceworld-gifu.jp/,https://docs.google.com/a/user-support-center.jp/file/d/0B3_b4po9GqAOdlJ0OGN2YkNiX0U/edit?usp=docslist_api,学習館・科学館
荻町城跡（展望台）,岐阜県,大野郡白川村荻町,15世紀にこの地を支配していた内ヶ島家家老の山下氏勝の居城跡。荻町合掌造り集落が一望のもと見渡せる。冬には美しくライトアップされ、幻想的な光景を見ることができる。,通年,05769-6-1311,,https://docs.google.com/a/user-support-center.jp/file/d/0B3_b4po9GqAOY1Q2YzhsQzVKUUU/edit?usp=docslist_api,城址
奥飛騨　平湯大滝公園,岐阜県,高山市奥飛騨温泉郷平湯７６８－４７,飛騨三名瀑の一つ、平湯大滝周辺が「作る・食べる・癒す」をテーマとした自然体験型公園。築100年を超す奥飛騨の旧家で体験できるそば打ちや足湯など一日楽しめる。,通年,0578-89-1250,,https://docs.google.com/a/user-support-center.jp/file/d/0B3_b4po9GqAOQlN4eldhZ1lJTFk/edit?usp=docslist_api,公園・緑地
掛川城,静岡県,掛川市掛川１１３８－２４,慶長元（1596）年に山内一豊が築いた掛川城天守閣。当時の図面などに基づき、平成6（1994）年に本格木造天守閣として復元された。3層4階の天守閣の最上階は海抜約56mにもなる。,通年,0537-22-1146,,https://docs.google.com/a/user-support-center.jp/file/d/0B3_b4po9GqAOeDZwRDJjUU5EalU/edit?usp=docslist_api,城
イオンモールナゴヤドーム前,愛知県,名古屋市東区矢田南４丁目１０２－３,ナゴヤドームに隣接していて、ドラゴンズショップなど、個性あふれる店舗がたくさんあるのが特徴だ。,通年,052-725-6700,http://www.aeon.jp/sc/nagoyadomemae/,https://docs.google.com/a/user-support-center.jp/file/d/0B3_b4po9GqAON05vWHhaejQwSDg/edit?usp=docslist_api,ショッピングモール
イオンモール熱田,愛知県,名古屋市熱田区六野１丁目２－１１,日用品が豊富なイオンに、ファッションや雑貨などの専門店150店がドッキングしたショッピングモール。4階まで吹き抜けの、解放感あふれる店内でショッピングが楽しめる。,通年,052-884-0200,http://www.aeon.jp/sc/atsuta/,https://docs.google.com/a/user-support-center.jp/file/d/0B3_b4po9GqAOOVEwNGtEcl9qVVE/edit?usp=docslist_api,ショッピングモール
松阪農業公園ベルファーム,三重県,松阪市伊勢寺町５５１－３,松阪C足下に自然豊かな遊歩道・広場・英国風庭園を有する農業公園。体験工房や地元食材にこだわるカフェやレストラン、松坂の特産品販売、地元農産物の直売等があり、松阪の恵みを楽しめる。,通年,0598-63-0050,http://www.bellfarm.jp/,https://docs.google.com/a/user-support-center.jp/file/d/0B3_b4po9GqAObUN1anpXUWpWTHM/edit?usp=docslist_api,観光農園・農場
ほたるいかミュージアム,富山県,滑川市中川原４１０,富山湾のホタルイカをパネルや映像で紹介。期間限定で、ライブシアターにて実際にホタルイカの発光する様子や発光性プランクトンによる発光ショーを見ることができる。,通年,076-476-9300,http://www.hotaruikamuseum.com,https://docs.google.com/a/user-support-center.jp/file/d/0B3_b4po9GqAOZmxsZUtCckNXbTg/edit?usp=docslist_api,資料館・郷土館
滑川ほたるいか海上観光,富山県,滑川市中川原４１０　ほたるいかミュージアム（集合場所）,ホタルイカ漁の最盛期は4月。ホタルイカの大群が放つ無数の光が暗い海に乱舞する様子はまさに圧巻で、毎年多くの観光客が訪れている（予約制）。,4月上旬～5月上旬,076-475-0100,,https://docs.google.com/a/user-support-center.jp/file/d/0B3_b4po9GqAOMVZ0TS1qUmFWZVU/edit?usp=docslist_api,遊覧船・水中観光船
垂水の滝,石川県,輪島市町野町曽々木,直接、山から海に白糸のごとく流れ、年中涸れることがない。冬は北風に吹き上げられ、霧の中から白竜が天に昇るような幻想的な風景が見られる。,通年,0768-32-0408,,https://docs.google.com/a/user-support-center.jp/file/d/0B3_b4po9GqAOWl9HMzZSaU50enc/edit?usp=docslist_api,滝
姥ヶ滝,石川県,白山市中宮（白山スーパー林道内）,日本の滝100選のひとつ。滝の手前にある親谷の湯は川底から出る温泉を利用した露天風呂となっており、滝を眺めながら入浴や足湯が楽しめる。,6～11月上旬（スーパー林道開通期間中）,076-255-5011,http://www.hakusan-rindo.jp/,https://docs.google.com/a/user-support-center.jp/file/d/0B3_b4po9GqAOalhUOTE2ejFocXc/edit?usp=docslist_api,滝
能登金剛,石川県,羽咋郡志賀町富来牛下～前浜,日本海の荒波に削られた断崖や奇岩が約30kmにわたって続く、能登随一の景勝地。自然のトンネルの巌門や高さ約35mのヤセの断崖など、迫力満点のスポットが点在する。,通年,0767-32-1111,,https://docs.google.com/a/user-support-center.jp/file/d/0B3_b4po9GqAONE1qWUF0bENwOUE/edit?usp=docslist_api,特殊地形
越前松島,福井県,坂井市三国町梶,崎漁港と梶漁港の間の海岸で、海食景観が見事。安山岩の柱状節理の奇岩や奇勝が連なり、点在する島々に茂る松が美しい。,通年,0776-82-8904,,https://docs.google.com/a/user-support-center.jp/file/d/0B3_b4po9GqAOS0ZSaVRKbk4wcTQ/edit?usp=docslist_api,島
川浦渓谷,岐阜県,関市板取川浦,高さ約30mの断崖に挟まれた渓流が、全長7kmも続く荘厳な渓谷。春にはさわやかな新緑、秋には見事な紅葉が訪れる人の心を和ませてくれる。,通年,0581-57-2111,,https://docs.google.com/a/user-support-center.jp/file/d/0B3_b4po9GqAOS3puX2hSNF9VdWs/edit?usp=docslist_api,渓谷
下呂発温泉博物館,岐阜県,下呂市湯之島５４３－２,全国の温泉の泉質と効能がわかる博物館。さまざまな展示物を楽しむことができる。足湯のコーナーも設けられ、温泉街散策の休憩所としても利用できる。,通年,0576-25-3400,http://www.gero.jp/museum/,https://docs.google.com/a/user-support-center.jp/file/d/0B3_b4po9GqAONE9RLXlETzNfOGc/edit?usp=docslist_api,博物館
御前崎ケープパーク,静岡県,御前崎市御前崎,御前埼灯台周辺にある約1.5kmの歩いて自然と親しめる公園。「夕日と風が見えるん台」「地球が丸く見えるん台」などの展望台や、「恋人の聖地」に認定された潮騒の像がある。,通年,0548-63-2001,,https://docs.google.com/a/user-support-center.jp/file/d/0B3_b4po9GqAOOFpGMkZMT3RENW8/edit?usp=docslist_api,展望台・展望地
観光農園花ひろば,愛知県,知多郡南知多町豊丘高見台４８,夏は約5万本の松葉ボタンが色とりどりの花を咲かせ、11～4月は食用の菜の花摘みが体験できる。芝桜は4～5月上旬、200万本のひまわりは6月～12月上旬が見頃。いちご狩り、メロン狩りも楽しめる。,通年,0569-65-2432,http://hana-hiroba.net,https://docs.google.com/a/user-support-center.jp/file/d/0B3_b4po9GqAOcTdLNFpldW9Tejg/edit?usp=docslist_api,花の名所
入鹿池,愛知県,犬山市池野地区,ボート遊びや釣りが楽しめる農業用人工池。明治村の近くにあり、四季を通じて美しい自然が楽しめる、静かな環境のなかにある。農業用ため池として、日本一の貯水量を誇る。,通年,0568-61-1800,,https://docs.google.com/a/user-support-center.jp/file/d/0B3_b4po9GqAOWmhRNGVzTDQzdHc/edit?usp=docslist_api,湖沼
ダイナランドゆり園,岐阜県,郡上市高鷲町西洞3035-2,"夏山に広がるゆり360万輪のマウンテンビューを楽しめます♪
57000㎡の広大な園内は徒歩でも散策できますが、ペアリフト（3歳以下は不可）やゆりバスからの眺めも絶景です。また、無料のキッズプールもあります。
開花・見頃は毎年、天候気温等の影響により変動します。因みに今年は開花状況が遅れていたため、この日は入園無料開放中（通常は大人1000円）でした。そして「本日は残念でしたがまた是非いらしてくださいね！」と券売所の方が「ダイナランドゆり園無料ご招待券+びわこ箱館山ゆり園割引券」を手渡してくださりました。せっかくのお心遣いですから開園期間中に都合をつけて再訪したいと思います＊＾ｖ＾＊",,0575-72-6636,,https://docs.google.com/a/user-support-center.jp/file/d/0B3_b4po9GqAOYVYxT1BHZ0hhRXc/edit?usp=docslist_api,花の名所
坂折棚田,岐阜県,恵那市中野方町坂折,"岐阜県恵那市坂折にある棚田です。棚田面積14.2ha　360枚あるそうです。
棚田100選に選ばれています。駐車場が完備されていて展望所になっています。
整備事業が行われたそうで、とても綺麗な石積み棚田です。
周辺住民の方も気を使われているようで、朝8時から一斉清掃を行っていました。",,-,,https://docs.google.com/a/user-support-center.jp/file/d/0B3_b4po9GqAOb0VBN2dCdGQwaE0/edit?usp=docslist_api,特殊地形
名勝　養浩館庭園,福井県,福井市宝永３丁目１１－３６,福井藩主松平家の別邸。数奇屋風書院建築と回遊式林泉庭園は江戸中期を代表する名園として知られる。建物は福井空襲で焼失したが庭園は旧態を残し国の名勝に指定。古図等を元に復元整備された。,通年,0776-21-0489（福井市立郷土歴史博物館）,http://www.history.museum.city.fukui.fukui.jp/yokokan/,https://docs.google.com/a/user-support-center.jp/file/d/0B3_b4po9GqAOQ0EyUHVjczhWNWc/edit?usp=docslist_api,庭園
伊勢神宮・内宮,三重県,伊勢市宇治館町１,2000年の歴史をもつ天照大御神を祀る宮。五十鈴川ほとりの広い神域には御正宮をはじめ日本古来の建築様式の宮社が立ち並ぶ。20年に一度式年遷宮が行われる。,通年,0596-24-1111,http://www.isejingu.or.jp/,https://docs.google.com/a/user-support-center.jp/file/d/0B3_b4po9GqAOY0pCV2tpQ2Rqc0k/edit?usp=docslist_api,神社（稲荷・権現）
八事山興正寺,愛知県,名古屋市昭和区八事本町７８,尾張徳川家ゆかりのお寺。五重塔や庭園など文化価値の高い建物が桜や紅葉などの木々に囲まれている。毎月5日と13日には、縁日が、21日は興正寺マルシェが開催され、多くの参拝者で賑わう。,通年,052-832-2801（八事山興正寺）,http://www.koushoji.or.jp/,https://docs.google.com/a/user-support-center.jp/file/d/0B3_b4po9GqAOS0dYWENjRC1qTkE/edit?usp=docslist_api,寺院（観音・不動）
でんきの科学館,愛知県,名古屋市中区栄２丁目２－５　電気文化会館　１～４階,展示室と自分の顔を取り込んだキャラクターでゲームができるオームシアターで、電気をはじめ地球環境やエネルギーについて体験しながら学ぶことができる。さまざまな実験や工作も体験できる。,通年,052-201-1026,http://www.chuden.co.jp/e-museum/,https://docs.google.com/a/user-support-center.jp/file/d/0B3_b4po9GqAOb2RsR0NqazZ0YUU/edit?usp=docslist_api,学習館・科学館
一宮地域文化広場,愛知県,一宮市時之島玉振１－１,直径18mのプラネタリウムやフィールドアスレチック、親子プールなどがある。天文施設を備えた宿泊棟もある。プラネタリウムの上映プログラムは季節ごとに入れ替わる。,通年,0586-51-2180,http://www.hamada-sports.com/ichinomiya_chiikibunka/ichi/index.html,https://docs.google.com/a/user-support-center.jp/file/d/0B3_b4po9GqAObG9xa2NqRnhCN2c/edit?usp=docslist_api,その他の体験施設
鞍ケ池公園,愛知県,豊田市矢並町法沢７１４－５,芝生広場、プレイハウス、植物園、動物園、観光牧場、四季の古里（さと）、若草山、PA園地、PA展望台などがあり、入園料や入場料がすべて無料。,通年,0565-80-5310（鞍ケ池公園管理事務所）,http://www.city.toyota.aichi.jp/division/facilities/j/fc27/index.html,https://docs.google.com/a/user-support-center.jp/file/d/0B3_b4po9GqAOMFoxZ3JUc21VVFU/edit?usp=docslist_api,公園・緑地
於大公園,愛知県,知多郡東浦町緒川沙弥田２－１,12.1haの敷地を有する公園。丘陵地にあり、春は梅や桜などの花見ができる。芝生広場や健康遊具、バーベキュー、夏期のプールなど、家族で楽しめる施設も数多い。,通年,0562-84-6166,http://www.town.aichi-higashiura.lg.jp/odaipark/index.html,https://docs.google.com/a/user-support-center.jp/file/d/0B3_b4po9GqAONXNtWExRT2dHRVk/edit?usp=docslist_api,公園・緑地
名古屋市港防災センター,愛知県,名古屋市港区港明１丁目１２－２０,災害の対処法をバーチャル体験を通して知ることができる施設。震度7クラスの地震や伊勢湾台風3D映像、煙避難体験をしながら災害について学ぶことができる。,通年,052-651-1100,http://www.minato-bousai.jp,https://docs.google.com/a/user-support-center.jp/file/d/0B3_b4po9GqAOMkxzal9jVk4yNG8/edit?usp=docslist_api,学習館・科学館
龍双ヶ滝,福井県,今立郡池田町東青,福井県で唯一「日本の滝百選」に選ばれている落差60mの滝。龍双坊という僧が神仏像を彫り、一念行願した言い伝えもある。水が岩肌から滑り落ちる姿に目を奪われるはず。,4～11月（冬期は県道通行不可の場合あり）,0778-44-8004,http://www.e-ikeda.jp/,https://docs.google.com/a/user-support-center.jp/file/d/0B3_b4po9GqAOek1GV3dXMm9vVEE/edit?usp=docslist_api,滝
おかざき世界子ども美術博物館,愛知県,岡崎市岡町鳥居戸１－１,世界中の子供たちの絵やピカソやロートレック、山下清などの巨匠たちが10代の頃に描いた作品を収蔵、展示。随時、子どもたちに向けた企画展を開催。造形センターでは、創作体験もできる。,通年,0564-53-3511,http://www.city.okazaki.aichi.jp/1200/1208/1242/p010841.html,https://docs.google.com/a/user-support-center.jp/file/d/0B3_b4po9GqAOOE5fSEdtMDZlYU0/edit?usp=docslist_api,美術館・ギャラリー
サンテパルクたはら,愛知県,田原市野田町芦ヶ池８,農園や小動物園があり、農業がテーマの公園。地元の農・畜産物の販売やウインナーやアイスクリームの手作り体験教室（有料、要予約）も開催。家族やカップルで回れるおもしろ自転車もある。,通年,0531-25-1234,http://www.santepark.com/,https://docs.google.com/a/user-support-center.jp/file/d/0B3_b4po9GqAOV2FUSzN1Y1l5QzA/edit?usp=docslist_api,観光農園・農場
セラモール　とこなめ焼卸団地協同組合,愛知県,常滑市金山上砂原９９,広大な敷地に広がる陶磁器のショッピングゾーン。それぞれに個性豊かな店舗が軒を連ねている。ガーデン陶器から作家の器まで、いずれも市価の3割引ほどで販売している。,通年,0569-43-7111,http://www.ceramall.or.jp/,https://docs.google.com/a/user-support-center.jp/file/d/0B3_b4po9GqAORlNMT1VrTXpPVDA/edit?usp=docslist_api,ショッピングモール
國盛酒の文化館,愛知県,半田市東本町２丁目２４,昭和47（1972）年まで200年間、酒造りが行われてきた蔵には、昔の酒造りの道具や資料が展示されている。試飲コーナーで利き酒ができるのも楽しみのひとつ。見学は要予約。,通年,0569-23-1499,http://www.nakanoshuzou.jp/sake/index.html,https://docs.google.com/a/user-support-center.jp/file/d/0B3_b4po9GqAOYlBqOE4wYXo3Zmc/edit?usp=docslist_api,資料館・郷土館
新舞子マリンパーク,愛知県,知多市緑浜町２,名古屋から近い海水浴場。新舞子駅からファインブリッジを渡れば、長崎県壱岐島より運んだ白い砂浜、ブルー・サンビーチが広がり、ビーチ周辺には芝広場が整備されている。,6月14日～8月31日,0562-56-3980,http://www.marine-park.jp/,https://docs.google.com/a/user-support-center.jp/file/d/0B3_b4po9GqAOZ3NsZlV0MU9iOUk/edit?usp=docslist_api,海水浴場・湖水浴場
飛騨高山の古い町並,岐阜県,高山市上三之町、上二之町、下二之町、大新町ほか,400年ほど前に、高山城主金森長近が整備した城下町。3つの（安川通りをはさんで上、下）南北通り筋を中心とした町並みは、風情をただよわせている。,通年,0577-32-3333,,https://docs.google.com/a/user-support-center.jp/file/d/0B3_b4po9GqAOMUltWWFuT2pvSEU/edit?usp=docslist_api,伝統的町並み・家並み
伊賀流忍者博物館,三重県,伊賀市上野丸之内１１７,上野公園にあり、くノ一や忍者が案内する忍者屋敷、歴史や資料を展示する忍術体験館、忍者伝承館からなる。忍術ひろばでは迫力満点の忍者ショーがくり広げられ手裏剣打ちも体験できる。,通年,0595-23-0311,http://www.iganinja.jp/,https://docs.google.com/a/user-support-center.jp/file/d/0B3_b4po9GqAOUXVRZG83SEVMeGc/edit?usp=docslist_api,博物館
関ヶ原古戦場,岐阜県,不破郡関ケ原町一帯,徳川家康率いる東軍と石田三成率いる西軍の歴史に残る天下分け目の合戦の舞台。開戦地をはじめ、徳川家康や石田三成などの陣跡には石碑が建てられている。,通年,0584-43-1112,http://www.kanko-sekigahara.jp/,https://docs.google.com/a/user-support-center.jp/file/d/0B3_b4po9GqAObWdsSU5jeGRPdTA/edit?usp=docslist_api,史跡など
大井川鐵道,静岡県,島田市金谷東２丁目１１１２－２,大井川沿いに走るSL列車の旅。SL列車の運転区間新金谷から千頭駅までの約1時間20分。車両内は昔ながらの座席でレトロな雰囲気。車中で食べる弁当の味も格別だ。,通年,0547-45-4112（大井川鐵道営業部）,http://www.oigawa-railway.co.jp/,https://docs.google.com/a/user-support-center.jp/file/d/0B3_b4po9GqAOakYzYlRkOC1RRW8/edit?usp=docslist_api,観光鉄道（トロッコ等）
日泰寺,愛知県,名古屋市千種区法王町１丁目１,タイ王国から寄贈された、釈尊の遺骨と釈尊金銅仏を祀るために明治37（1904）年に創建された寺院。釈尊の遺骨を安置する泰安塔はガンダーラ様式で高さ約15m。,通年,052-751-2121,,https://docs.google.com/a/user-support-center.jp/file/d/0B3_b4po9GqAOREVwWGpQRXN0MjA/edit?usp=docslist_api,寺院（観音・不動）
キユーピー　挙母工場（見学）,愛知県,豊田市日南町２丁目１,マヨネーズができるまでの映画鑑賞とマヨネーズドレッシングの製造工程が見学できる。中でも、1分間に600個の卵を割る機械は一見の価値あり。,通年,0565-34-0221（見学予約の受付時間は9:00～12:00、13:00～16:00（工場休業日は除く））,http://www.kewpie.co.jp/know/openkitchen/koromo_01.html,https://docs.google.com/a/user-support-center.jp/file/d/0B3_b4po9GqAOdjFuc1JHY2tVbjg/edit?usp=docslist_api,その他の見学施設
満天星亭,愛知県,尾張旭市霞ヶ丘町南２９８,庭園のドウダンツツジの美しさが名前の由来。春は白い可憐な花、秋は深紅の紅葉がみごと。庭のある建物。春と秋の一般公開の期間には、多くの人が訪れる。,通年,0561-53-1144,,https://docs.google.com/a/user-support-center.jp/file/d/0B3_b4po9GqAOaFRPUHh5eXZJTHc/edit?usp=docslist_api,その他の文化施設
日本ガイシスポーツプラザ,愛知県,名古屋市南区東又兵ヱ町５丁目１－１６,競技場や温水プールなどがある総合体育施設。最大収容人数1万人の日本ガイシホールではコンサートをはじめ、展示会や各種スポーツ大会などさまざまなイベントが行われる。,通年,052-614-3111,http://www.nespa.or.jp/,https://docs.google.com/a/user-support-center.jp/file/d/0B3_b4po9GqAOVEhGZ1JuSmRIMms/edit?usp=docslist_api,複合施設
食と健康の館,愛知県,知多郡美浜町小野浦西川１,知多半島・美浜の自然を活かした体験型観光施設。人気の塩づくり体験など、季節ごとのイベントが盛りだくさんだ。,通年,0569-83-3600,http://www.shio-yakata.com/,https://docs.google.com/a/user-support-center.jp/file/d/0B3_b4po9GqAOVk90R2d0Ri1sWGs/edit?usp=docslist_api,その他の体験施設
碧南市明石公園,愛知県,碧南市明石町６－１１,新遊具エアファイターが人気。キッズコースターやおとぎ列車も好評だ。大きな芝生広場もあるので、弁当持参でピクニック気分も味わえる。,通年,0566-48-1722,http://www.katch.ne.jp/~kanrikk/index.htm,https://docs.google.com/a/user-support-center.jp/file/d/0B3_b4po9GqAOWm56Q1FPVEFmbE0/edit?usp=docslist_api,遊園地
豊橋市二川宿本陣資料館,愛知県,豊橋市二川町中町６５,東海道五十三次で33番目の宿場町にある資料館。東海道、二川宿、本陣のコーナーがあり、江戸時代の旅や街道、大名行列を知ることができ、現存する本陣と旅籠屋も見学できる。,通年,0532-41-8580,http://www.toyohaku.gr.jp/honjin,https://docs.google.com/a/user-support-center.jp/file/d/0B3_b4po9GqAOcnRmb3RVU1JabHM/edit?usp=docslist_api,資料館・郷土館
八丁味噌の郷（見学）,愛知県,岡崎市八帖町往還通６９,正保2（1645）年創業の八丁味噌の老舗。天然醸造の味噌が仕込まれた大きな杉桶が並ぶ熟成蔵を見学することができる。,通年,0564-21-1355,http://www.kakuq.jp/home/build.htm,https://docs.google.com/a/user-support-center.jp/file/d/0B3_b4po9GqAOOC1qWWZ5dy1mbjA/edit?usp=docslist_api,その他の見学施設
あおいパーク,愛知県,碧南市江口町３丁目１５－３,地元の新鮮な野菜の産直市や農産物をふんだんに使ったレストラン、ハーブのお風呂、観賞温室、碧南の農業を紹介する映像コーナーなどがある。体験農園では農産物の収穫ができる。,通年,0566-43-0511,http://www.city.hekinan.aichi.jp/aoi/,https://docs.google.com/a/user-support-center.jp/file/d/0B3_b4po9GqAOXzBLT0pjNUhFa0U/edit?usp=docslist_api,観光農園・農場
蒲郡市生命の海科学館,愛知県,蒲郡市港町１７－１７,46億年の地球の歴史がテーマ。本物の隕石や化石に触ることが出来る科学館。展示ケース4台に置かれたカンブリア紀の化石やイワチオサウルス、ヒゲクジラの化石は圧巻。,通年,0533-66-1717,http://www.city.gamagori.lg.jp/site/kagakukan/,https://docs.google.com/a/user-support-center.jp/file/d/0B3_b4po9GqAOY3lxUFI5WllJbzA/edit?usp=docslist_api,学習館・科学館
あま市七宝焼アートヴィレッジ,愛知県,あま市七宝町遠島十三割２０００,七宝焼に特化した施設。館内では、七宝焼の名品鑑賞や制作工程の見学、アクセサリー類の制作体験ができるほか、アクセサリーや花瓶などの製品が展示販売されている。カフェも併設している。,通年,052-443-7588,http://www.shippoyaki.jp/,https://docs.google.com/a/user-support-center.jp/file/d/0B3_b4po9GqAORUZ1bTREeGp4TEk/edit?usp=docslist_api,資料館・郷土館
ノリタケの森,愛知県,名古屋市西区則武新町３丁目１－３６,クラフトセンターではノリタケ製品の製造工程をトータルに見学できる。オールドノリタケなど初期の製品の展示もされている。絵付け体験コーナーもある。,通年,052-561-7290,http://www.noritake.co.jp/mori/,https://docs.google.com/a/user-support-center.jp/file/d/0B3_b4po9GqAOUXdXb3QxU2hPbHc/edit?usp=docslist_api,資料館・郷土館
岡崎公園,愛知県,岡崎市康生町５６１－１,天守閣のほか三河武士のやかた家康館、家康産湯の井戸、二の丸能楽堂、家康公遺言碑、からくり時計塔など見どころが多数。桜やツツジ、サツキなどの花が咲き誇る。,通年,0564-24-2204,,https://docs.google.com/a/user-support-center.jp/file/d/0B3_b4po9GqAOcUprMGs4QXg1MWc/edit?usp=docslist_api,公園・緑地
愛知県民の森,愛知県,新城市門谷鳳来寺７－６０,572haの森林の中に宿泊施設やキャンプ場、森の展示館などがある。ハイキングコースをはじめ、渓流散策、バードウォッチング、紅葉が素晴らしい。レクリエーション、アウトドアには事欠かない。,通年,0536-32-1262,http://www6.ocn.ne.jp/~kenmin/,https://docs.google.com/a/user-support-center.jp/file/d/0B3_b4po9GqAONGhyOUQ1a2QzMkU/edit?usp=docslist_api,その他のパーク・施設
三州足助屋敷,愛知県,豊田市足助町飯盛３６,館内は、昭和初期の豪農をモデルに再現されており、昔の生活をみることができる。また施設内では職人が実演しており、会話をしながら生活や手仕事を学ぶことができる。,通年,0565-62-1188,http://www.asuke.aitai.ne.jp/~yashiki/,https://docs.google.com/a/user-support-center.jp/file/d/0B3_b4po9GqAOR3dfdHo2VV9wQm8/edit?usp=docslist_api,史跡など
半田運動公園,愛知県,半田市池田町３丁目１－１,ローラーすべり台などがある「ちびっこ広場」、夏場に子どもでにぎわう「ちゃぷちゃぷ池」などがある。また、サッカーや野球ができるグラウンドや、テニスコートも充実。,通年,0569-27-6663,http://www.city.handa.lg.jp/contents/50030036.html,https://docs.google.com/a/user-support-center.jp/file/d/0B3_b4po9GqAOR2Y3UTFkSGFxQWc/edit?usp=docslist_api,公園・緑地
大須観音,愛知県,名古屋市中区大須２丁目２１－４７,正式には北野山真福寺宝生院といい、本堂にはご本尊聖観世音菩薩が祀られている。下町情緒が漂う商店街には、古着店に大衆的なレストラン、ディスカウントショップがひしめき合う。,通年,052-231-6525,http://www.osu-kannon.jp,https://docs.google.com/a/user-support-center.jp/file/d/0B3_b4po9GqAOSHFTY1lOUm1BQnM/edit?usp=docslist_api,寺院（観音・不動）
弘法山　金剛寺,愛知県,蒲郡市三谷町南山１４,昭和13（1938）年、篤信者の財閥が子授を願い、子安弘法大師像を建立。子授以外にも安産、子育、交通安全、進学達成など、さまざまな祈願にご利益がある。,-,0533-69-7379,,https://docs.google.com/a/user-support-center.jp/file/d/0B3_b4po9GqAOQkZGb1JnVl9Vb1k/edit?usp=docslist_api,寺院（観音・不動）
足羽山公園,福井県,福井市足羽上町,福井市街地を一望できる、標高116.8mの足羽山。自然史博物館やミニ動物園、遊園地、足羽神社など見どころも多く、大人も子供も楽しめる。春には山全体に植えられた約3500本の桜が咲き誇る。,通年（アジサイの見頃は6月中旬、桜の見頃は4月上旬～中旬）,0776-20-5346,http://www.fukuicity-navi.com/010_search/spot/detail.php?id=22&cate=2,https://docs.google.com/a/user-support-center.jp/file/d/0B3_b4po9GqAOZUJNT0JHRkE4aFk/edit?usp=docslist_api,公園・緑地
名古屋市市政資料館,愛知県,名古屋市東区白壁１丁目３,大正末期の面影を残す近代建築を忠実に表現したネオ・バロック様式の建物で、国の重要文化財に指定されている。名古屋市の公文書館として市政に関する資料などを保存、公開している。,通年,052-953-0051,http://www.city.nagoya.jp/shisei/category/52-7-0-0-0-0-0-0-0-0.html,https://docs.google.com/a/user-support-center.jp/file/d/0B3_b4po9GqAORWQ1V2pwM3RkSE0/edit?usp=docslist_api,資料館・郷土館
近鉄パッセ,愛知県,名古屋市中村区名駅１丁目２－２,レディースファッション約70店を展開するほか地下1階には弁当やスイーツなどが集合。また、タワーレコードや星野書店などの大型専門店もそろっているので、欲しいアイテムが見つかるはず。,通年,052-582-3411,http://www.passe.co.jp,https://docs.google.com/a/user-support-center.jp/file/d/0B3_b4po9GqAOdGFLUWEzVnh5bXM/edit?usp=docslist_api,デパート
知立公園,愛知県,知立市西町神田町知立神社外苑,5月下旬から6月下旬に開催される花しょうぶまつりで有名な公園。祭り期間中は3万余株の紫、白、青の花が咲き乱れ、園内では茶会や宝物展などが催される。,通年（花の見頃は6月上旬～中旬）,0566-83-1111,,https://docs.google.com/a/user-support-center.jp/file/d/0B3_b4po9GqAOTElZa0o1aXlnN2M/edit?usp=docslist_api,花の名所
リスの森　飛騨山野草自然庭園,岐阜県,高山市松倉町２３５１－７,シマリス、エゾリスの2種類のリスとふれあえ、園内で販売のリスのエサを手の上で与えれば食べることもある。併設の飛騨山野草自然庭園では遊歩道を散策しながら珍しい草花を観察できる。,3月中旬～11月,0577-33-9232,,https://docs.google.com/a/user-support-center.jp/file/d/0B3_b4po9GqAOTnZLWDBWOEhfSm8/edit?usp=docslist_api,動物園
リニア・鉄道館～夢と想い出のミュージアム～,愛知県,名古屋市港区金城ふ頭３丁目２－２,東海道新幹線を中心に、在来線から超電導リニアまでの車両を展示し、「高速鉄道技術の進歩」を紹介。シミュレータや精緻な鉄道ジオラマも設置し、子どもから大人まで体験しながら楽しく学べる。,通年,050-3772-3910,http://museum.jr-central.co.jp,https://docs.google.com/a/user-support-center.jp/file/d/0B3_b4po9GqAOMmQwd1phRy13X3M/edit?usp=docslist_api,博物館
綿ヶ滝,石川県,白山市下吉谷町,手取峡谷の一番の見どころ。落差が32mある滝を、水しぶきが飛んでくるほど近くで見ることができる。周辺は遊歩道が整備されている。,通年,076-254-2011,http://www.gogo8934.jp/iframe/park/tedori_valley.html,https://docs.google.com/a/user-support-center.jp/file/d/0B3_b4po9GqAOR2V0Zi14OW9tTXc/edit?usp=docslist_api,滝
菅沼合掌造り集落,富山県,南砺市菅沼,相倉合掌集落や岐阜の白川郷と共にユネスコの世界遺産として登録された菅沼集落。集落内には9戸の合掌造りが現存し、五箇山のいにしえの暮らしなどを紹介した資料館が2軒ある。,通年,0763-67-3008,,https://docs.google.com/a/user-support-center.jp/file/d/0B3_b4po9GqAOZEFjWnVBREpPb0E/edit?usp=docslist_api,伝統的町並み・家並み
ふくべの大滝,石川県,白山市中宮,白山スーパー林道の途中にある、落差86mの蛇谷随一の大滝。垂直に近い白っぽい岩を落下する姿は豪快で、その水しぶきはときには道路を覆うほどの激しさだ。,6月上旬～11月10日,076-256-7341,http://www.hakusan-rindo.jp,https://docs.google.com/a/user-support-center.jp/file/d/0B3_b4po9GqAOS193Y3NvWXB2cUU/edit?usp=docslist_api,滝
御母衣ダム湖,岐阜県,大野郡白川村牧横平１６２－１,高さ131m、堤長405mの国内有数のロックフィル式ダムによって造られた貯水池。周辺の木々の緑が、湖に美しく映える。ダムの下流にある電力館も見学できる。,通年,05769-5-2311,http://www.sakura.jpower.co.jp/access/acc00200.html,https://docs.google.com/a/user-support-center.jp/file/d/0B3_b4po9GqAOTHphNmltUmY3cHM/edit?usp=docslist_api,その他の名所
阿弥陀ヶ滝,岐阜県,郡上市白鳥町前谷,日本の滝100選に入る名滝。約60mから音を立てて落ちる滝つぼの水しぶきは、離れていても濡れるほど。積雪時は見学不可。,通年,0575-82-5900,,https://docs.google.com/a/user-support-center.jp/file/d/0B3_b4po9GqAOaEYwd0s2SzZ1Skk/edit?usp=docslist_api,滝
五宝滝,岐阜県,加茂郡八百津町八百津,三段に流れる落差約80mの滝。近くに円明の滝と宮本武蔵が修行した二天の滝がある。秋には紅葉が楽しめる。,通年,0574-43-2111,,https://docs.google.com/a/user-support-center.jp/file/d/0B3_b4po9GqAOS2VDTkhaWS1ZRUk/edit?usp=docslist_api,滝
お菓子の城,愛知県,犬山市新川１－１１,見て作って食べられるお菓子のテーマパーク。高さ14.8mのウェディングケーキや古城を再現したシュガーアートもあり、ビスケット・クッキー作り体験ができる。,通年,0568-67-8181,http://www.okashino-shiro.jp/,https://docs.google.com/a/user-support-center.jp/file/d/0B3_b4po9GqAOZFEzWE40bUdvcTQ/edit?usp=docslist_api,遊園地
立山高原バス,富山県,中新川郡立山町 （室堂～美女平）,"美女平と室堂を結びます。マイカーは通行禁止の区間です。
途中、立山杉、称名滝などの見所で停車してくれます（社外には出られません）。その他弥陀ヶ原などの見所がありますが、すべて左側のほうがよく見えます。
紅葉の時期などは、室堂直行便と通常便（途中下車可）がありますが、本数は室堂直行便のほうが多く、頻繁に出ます。美女平駅で並ぶ列が異なりますのでご注意です。",,076-432-2819,,https://docs.google.com/a/user-support-center.jp/file/d/0B3_b4po9GqAOd0lIR2RxZnVhZms/edit?usp=docslist_api,キャラクターバス・観光バス
安房峠,岐阜県,高山市～長野県松本市,夏の晴れた日は最高ですね。登るのはけっこう大変ですが、そんなに狭い道ではないので苦痛ではありません。沿道には猿の群れがいたりします。,,-,,https://docs.google.com/a/user-support-center.jp/file/d/0B3_b4po9GqAOSEVLb2xmaTU3Q0U/edit?usp=docslist_api,峠
越前陶芸村,福井県,丹生郡越前町小曽原６－１２,約850年前、越前町の小曽原に壺やかめなどの日用のものを焼くための窯が作られたのが越前焼の始まりで、備前や瀬戸焼と並んで日本の六古窯に数えられた。,通年,0778-32-2084（越前陶芸村総合案内所）,http://www.echizentogeimura.com/,https://docs.google.com/a/user-support-center.jp/file/d/0B3_b4po9GqAOb0xHVXR6dHhPWFk/edit?usp=docslist_api,その他の文化施設
ナガシマスパーランド,三重県,桑名市長島町浦安３３３,木曽川、長良川の河口に位置する総合レジャーランド。超コースター「スチールドラゴン2000」が人気で、家族向けの乗り物もある。温泉施設を併設し、夏はプールも楽しめる。,通年,0594-45-1111,http://www.nagashima-onsen.co.jp/spaland/index.html/,https://docs.google.com/a/user-support-center.jp/file/d/0B3_b4po9GqAOT2lvdkZJUzZmVXM/edit?usp=docslist_api,遊園地
廻船問屋　瀧田家,愛知県,常滑市栄町４丁目７５,江戸時代から廻船業で栄えた旧家、瀧田家の屋敷を復元したもので、常滑市指定有形文化財の建築物。瀧田家に残された生活道具や廻船に関する資料を展示している。,通年,0569-36-2031,http://www.tokoname-kankou.net/contents/miru01-05.html,https://docs.google.com/a/user-support-center.jp/file/d/0B3_b4po9GqAOUURJY0F3Z0ZPc0U/edit?usp=docslist_api,史跡など
犬山城,愛知県,犬山市犬山北古券６５－２,荻生徂徠が李白の詩になぞらえ白帝城とたたえた犬山城。天文6（1537）年に織田与次郎信康を城主として築かれた平山城だ。国宝四城のひとつ。,通年,0568-61-1711,,https://docs.google.com/a/user-support-center.jp/file/d/0B3_b4po9GqAOTHZHc0c5SkZXUTQ/edit?usp=docslist_api,城
白鳥庭園,愛知県,名古屋市熱田区熱田西町２－５,中部地方の地形をモチーフに、御嶽山を築山、木曽川を流れ、伊勢湾を池にみたてた池泉回遊式庭園。汐入りの庭では、潮の干満による景色の変化や四季折々の花々を楽しめる。,通年,052-681-8928,http://www.shirotori-garden.jp,https://docs.google.com/a/user-support-center.jp/file/d/0B3_b4po9GqAOVlp4ZGtZcElhTDg/edit?usp=docslist_api,庭園
竹島,愛知県,蒲郡市竹島町,観光蒲郡のシンボル的存在。昭和5（1930）年に島全体が国の天然記念物に指定された。周囲は一周30分ほどの遊歩道が整備されているので、植物を観察しながら散策できる。,通年,0533-66-1120,http://www.gamagori.jp/look/detail_4_0_1_0_0.html,https://docs.google.com/a/user-support-center.jp/file/d/0B3_b4po9GqAOTGdKUHRPc00wbk0/edit?usp=docslist_api,島
大池公園,愛知県,東海市中央町３丁目１,2月は梅、4月は桜と、四季を通じてさまざまな花が咲く。なかでも128種8000株の花々が咲き乱れるハナショウブの美しさは格別で、見ごろは6月頃。遊具も動物舎もある。,通年,052-604-2034,http://www.medias.ne.jp/~ha8739/,https://docs.google.com/a/user-support-center.jp/file/d/0B3_b4po9GqAOcDc3bUtZeVlhVGM/edit?usp=docslist_api,花の名所
常滑市小脇公園,愛知県,常滑市坂井小脇１０,サツマイモやイチジクなどの収穫体験やバーベキューも楽しめる体験型公園。ふれあい芝広場（8250平方メートル）でピクニック気分が味わえる。,通年,0569-37-1531,,https://docs.google.com/a/user-support-center.jp/file/d/0B3_b4po9GqAOWnpWc2lNRWZ4LVU/edit?usp=docslist_api,観光農園・農場
ジョイフルファーム鵜の池,愛知県,知多郡美浜町上野間中新田１０,地元の農家が共同で運営する農園。収穫したての新鮮な野菜や果物、花などを販売し、季節によっていちご狩りやみかん狩りができる。レストランではバーベキューも楽しめる。,通年,0569-87-6069,http://www.joyful-f.jp/,https://docs.google.com/a/user-support-center.jp/file/d/0B3_b4po9GqAOLVpJc2tZaUlMUjg/edit?usp=docslist_api,観光農園・農場
碧南海浜水族館・碧南市青少年海の科学館,愛知県,碧南市浜町２－３,全国の珍しい魚や水生生物などを観察できる。約300種、4千匹の沿岸魚がいる。200トンの大水槽もある。青少年海の科学館では「水 ―森から海へ―」をメインテーマにし楽しく学べる施設。,通年,0566-48-3761,http://www.city.hekinan.aichi.jp/aquarium/,https://docs.google.com/a/user-support-center.jp/file/d/0B3_b4po9GqAONTNlNjBjOVowWGM/edit?usp=docslist_api,水族館
御園座,愛知県,名古屋市中区栄１丁目６－１４,明治29（1896）年創業。春と秋の歌舞伎興行をはじめ、商業演劇、歌謡ショーなどの舞台が楽しめる。地下には国内の演劇関係資料が多数そろう演劇図書館を併設している。,-,052-211-1451,,https://docs.google.com/a/user-support-center.jp/file/d/0B3_b4po9GqAOc0o5Ui1RMF9XVjg/edit?usp=docslist_api,劇場
名古屋市美術館,愛知県,名古屋市中区栄２丁目１７－２５　芸術と科学の杜・白川公園内,白川公園の一角にある美術館。黒川紀章氏設計の建築が特徴的。常設展示では「エコール・ド・パリ」「メキシコ・ルネサンス」「現代の美術」「郷土の美術」の名品がそろう。,通年,052-212-0001,http://www.art-museum.city.nagoya.jp,https://docs.google.com/a/user-support-center.jp/file/d/0B3_b4po9GqAOQ1BQVXZPSk9jbzA/edit?usp=docslist_api,美術館・ギャラリー
三菱東京ＵＦＪ銀行貨幣資料館,愛知県,名古屋市東区赤塚町２５,紀元前から現代まで、国内外の貨幣を集めた博物館。大判、小判をはじめ約1万点もの貨幣を展示するほか、歌川広重の東海道五十三次などの版画類も所蔵・展示している。,通年,052-933-5151,http://www.bk.mufg.jp/csr/contribution/kids/gallery/,https://docs.google.com/a/user-support-center.jp/file/d/0B3_b4po9GqAOR2JIWFJtZnZoM1E/edit?usp=docslist_api,資料館・郷土館
熱田神宮,愛知県,名古屋市熱田区神宮１丁目１－１,三種の神器である“草薙神剣”を祀る、由緒ある神社。広大な神域を有し、刀剣や日本書紀などの国宝・重要文化財を収蔵する。国宝・重文を含む約6000点の収蔵品がある。,通年,052-671-4151,http://www.atsutajingu.or.jp/,https://docs.google.com/a/user-support-center.jp/file/d/0B3_b4po9GqAORDV6MFRkZUNGTkU/edit?usp=docslist_api,神社（稲荷・権現）
形原温泉あじさいの里,愛知県,蒲郡市金平町一之沢２８－１,梅雨の季節、約5万数千株のあじさいが咲き誇る。6月のあじさい祭り期間中、夜間は9時半までライトアップされ、幻想的な風景を楽しめる。また、運が良ければゲンジボタルを見ることができる。,通年,0533-57-0660,http://www.katahara-spa.jp,https://docs.google.com/a/user-support-center.jp/file/d/0B3_b4po9GqAONlhtNDY4YVFFSkU/edit?usp=docslist_api,花の名所
大須商店街,愛知県,名古屋市中区大須３丁目３８－９,大須観音から万松寺の間にある8つの商店街の総称。参拝者をターゲットにした昔ながらの食事どころから、若者向けの古着・雑貨の店など約1100の店舗が軒を連ねている。,-,052-261-2287,,https://docs.google.com/a/user-support-center.jp/file/d/0B3_b4po9GqAOZFFLbDJDdlZqNzQ/edit?usp=docslist_api,ショッピングモール
トヨタ産業技術記念館,愛知県,名古屋市西区則武新町４丁目１－３５,繊維機械館、自動車館、テクノランドと3つのテーマに分かれ、繊維機械や自動車の技術の変遷を紹介。図書室やビデオライブラリー、レストラン、カフェなども併設されている。,通年,052-551-6115,http://www.tcmit.org/,https://docs.google.com/a/user-support-center.jp/file/d/0B3_b4po9GqAOdWRQdm5xdk5KSDA/edit?usp=docslist_api,博物館
刈谷市交通児童遊園,愛知県,刈谷市神田町３丁目４７－１,グレートポセイドンやゴーカート、ドルフィンパラダイスなど、のりものが楽しめる。小型遊具も数多くそろう。,通年,0566-22-9371,,https://docs.google.com/a/user-support-center.jp/file/d/0B3_b4po9GqAObEppTHkySWdBaXM/edit?usp=docslist_api,遊園地
名古屋港ワイルドフラワーガーデン　ブルーボネット,愛知県,名古屋市港区潮見町４２,美しい緑や草花、水面の輝きなどを楽しみながら、季節の移ろいを感じることができる自然風庭園。22種類のガーデンスタイルを提案する園内を、気ままに散歩でき、レストランやショップもある。,3月～12月25日,052-613-1187,http://www.wfg-bluebonnet.com,https://docs.google.com/a/user-support-center.jp/file/d/0B3_b4po9GqAOMmMyN2JFeURDazQ/edit?usp=docslist_api,庭園
落合公園,愛知県,春日井市東野町落合池１,春日井市の中央に位置する公園。緑豊かで、その景観の美しさから、日本の都市公園百選にも選定されている。園内には管理棟や芝生広場、フォリー水の塔などがある。,通年,0568-85-6281,,https://docs.google.com/a/user-support-center.jp/file/d/0B3_b4po9GqAOSm5wcWhtb0dWQzA/edit?usp=docslist_api,公園・緑地
愛知牧場,愛知県,日進市米野木町南山９７７,約6万坪の敷地を持つ牧場。ホルスタイン約200頭を飼育している。引き馬体験や、ウサギやヒツジなどの動物ともふれあえる。ジェラートやソフトクリームが人気。飲むヨーグルトも販売中。,通年,0561-72-1300,http://www.aiboku.com/,https://docs.google.com/a/user-support-center.jp/file/d/0B3_b4po9GqAOQ2ZNQzk4QVozcTA/edit?usp=docslist_api,観光牧場
太平洋ロングビーチ,愛知県,田原市赤羽根町大石,白い砂浜が続く海岸線にはヤシの木が植えられている。全国屈指のサーフポイントで、多くのサーファーが集う。また、6月から7月にかけてアカウミガメが産卵のため上陸する。,通年,0531-45-3635（太平洋ロングビーチ管理棟）,http://www.taharakankou.gr.jp/spot/000009.html,https://docs.google.com/a/user-support-center.jp/file/d/0B3_b4po9GqAONW5sWlkxdzY5R1U/edit?usp=docslist_api,海岸・浜
名古屋市　市電・地下鉄保存館　レトロでんしゃ館,愛知県,日進市浅田町笹原３０　名古屋市交通局　日進工場北側,かつて名古屋市内を走っていた市電や、地下鉄開業当時の地下鉄車両などを保存・展示。名古屋地区の車両が勢揃いした鉄道模型ジオラマや、市バス・地下鉄を学べるパソコンシステムなどがある。,通年,052-807-7587,http://www.kotsu.city.nagoya.jp/fun/museum/,https://docs.google.com/a/user-support-center.jp/file/d/0B3_b4po9GqAOcnBkaUNrMlM2V2c/edit?usp=docslist_api,資料館・郷土館
荒子観音寺,愛知県,名古屋市中川区荒子町宮窓１３８,円空が刻んだ約1255体の仏像を安置する天台宗の古刹。古くから尾張四観音の一つとして信仰を集める。近年は前田利家ゆかりの地としても親しまれ、参拝に訪れる人が多い。,通年,052-361-1778,,https://docs.google.com/a/user-support-center.jp/file/d/0B3_b4po9GqAOeHlZOHVaMXJPWkU/edit?usp=docslist_api,寺院（観音・不動）
劇団四季　新名古屋ミュージカル劇場,愛知県,名古屋市中区栄１丁目２－２６,ミュージカルやストレートプレイなど、数々の作品を上演している劇団四季の専用劇場。約950席のどの客席からも舞台が近く感じられる。親子観劇室やショートクッション・託児サービスもある。,通年,052-220-7111（フリーダイヤル0120-489444）,http://www.shiki.jp/,https://docs.google.com/a/user-support-center.jp/file/d/0B3_b4po9GqAOc3NWcTNEd3kyMm8/edit?usp=docslist_api,劇場
刈谷ハイウェイオアシス,愛知県,刈谷市東境町吉野５５,高さ60mの観覧車が目を引くPA。買物や食事、露天岩風呂やつぼ湯など天然温泉も充実。ゴーカートや林間遊具、健康遊具などを備えた岩ケ池公園も人気。2014年6月に欧風のカフェテラスも誕生。,通年,0566-35-0211,http://www.kariya-oasis.com/,https://docs.google.com/a/user-support-center.jp/file/d/0B3_b4po9GqAOM1JQbDFmMFRqX1U/edit?usp=docslist_api,複合施設
安田かまぼこ道場,福井県,福井市高柳１－２５１２,かまぼこ作りの老舗が「本物の魚のすり身に直に触れ、その味を知って欲しい」と開設した道場。普段食べているかまぼことは全く違う、旨みたっぷりの味わいに驚くはず。,通年,0776-53-2252,http://www.yasuda-kamaboko.com/,https://docs.google.com/a/user-support-center.jp/file/d/0B3_b4po9GqAOVk51T2V2dHdUdUU/edit?usp=docslist_api,その他の体験施設
ミッドランド　スクエア,愛知県,名古屋市中村区名駅４丁目７－１,地上47階、高さ247mを誇るビル。商業棟には食品フロアや世界的な有名ブランドやセレクトショップがずらりと並ぶ。その他レストラン街や7スクリーンの都市型シネマコンプレックスがある。,通年,052-527-8877（総合インフォメーション）,http://www.midland-square.com,https://docs.google.com/a/user-support-center.jp/file/d/0B3_b4po9GqAONjdOSzhpRTcwVEE/edit?usp=docslist_api,複合施設
志摩マリンランド,三重県,志摩市阿児町神明　賢島,のんびり泳ぐ大きなマンボウが人気の水族館。化石などで地球の歩みを紹介する古代水族館はひと味違った魅力がある。ペンギンタッチや水族館裏方探検も実施（日時要確認）。,通年,0599-43-1225,http://www.kintetsu.co.jp/leisure/shimamarine/,https://docs.google.com/a/user-support-center.jp/file/d/0B3_b4po9GqAOSHlIdEd2OW5aWkU/edit?usp=docslist_api,水族館
伊勢湾フェリー,三重県,三重県鳥羽 - 愛知県伊良湖間を航行,"伊勢湾の西岸・鳥羽と東岸・伊良湖＆師崎を結ぶ航路で鳥羽～伊良湖航路は国道42号線がつながっているため、海の国道とも言われてます！
鳥羽～伊良湖は55分で結んでます！",,-,,https://docs.google.com/a/user-support-center.jp/file/d/0B3_b4po9GqAOZ2Niejdpd3JERzQ/edit?usp=docslist_api,その他の乗り物
トヨタ博物館,愛知県,長久手市横道４１－１００,ガソリン自動車誕生からの自動車技術・文化の歩みを、国内外の車両約140台と生活文化資料約2000点で紹介している。,通年,0561-63-5151（予約は0561-63-5155）,http://www.toyota.co.jp/Museum/,https://docs.google.com/a/user-support-center.jp/file/d/0B3_b4po9GqAORXJHUmc1Wnd3cHc/edit?usp=docslist_api,博物館
ラグーナ　フェスティバルマーケット,愛知県,蒲郡市海陽町２丁目２,約60店のショップが集まるショッピングモール。流行のファッションアイテムや雑貨のほか、新鮮な海の幸もお値打ちに購入できる。また、レストランも充実している。,通年,0533-58-2700（インフォメーションセンター）,http://www.laguna-gamagori.co.jp/festival/index.html,https://docs.google.com/a/user-support-center.jp/file/d/0B3_b4po9GqAOeWt4VUdrWUk3VVE/edit?usp=docslist_api,ショッピングモール
金津創作の森,福井県,あわら市宮谷５７－２－１９,20haの広大な里山のアートスペース。ガラス工芸、陶芸、竹工芸、ろうけつ染めなどの講座もあり、各種体験講座を開催している。アートコアにある美術館とレストランも人気だ。,通年,0776-73-7800（創作工房（陶芸）は0776-73-7802、ガラス工房は0776-73-7801）,http://sosaku.jp/,https://docs.google.com/a/user-support-center.jp/file/d/0B3_b4po9GqAOczZFQ1Y2R2RhdUE/edit?usp=docslist_api,その他の体験施設
名古屋市農業センター,愛知県,名古屋市天白区天白町平針黒石２８７２－３,農業に親しむことができる農業公園。野菜や花の栽培施設、牛や鶏などの畜産施設や農業の体験教室などがある。広々とした園内には温室や芝生広場もある。,通年,052-801-5221,http://www.city.nagoya.jp/kurashi/category/19-8-4-2-2-0-0-0-0-0.html,https://docs.google.com/a/user-support-center.jp/file/d/0B3_b4po9GqAOc3NaeTc2QVlrQjA/edit?usp=docslist_api,観光農園・農場
恋路ヶ浜,愛知県,田原市伊良湖町恋路浦～日出骨山,渥美半島の先端の伊良湖岬灯台から日出の石門まで約1km続く。昔、高貴な男女が恋ゆえに都大路からこの半島にのがれて来たという伝説に基づく名称。,通年,0531-23-3516,http://www.taharakankou.gr.jp/spot/000006.html,https://docs.google.com/a/user-support-center.jp/file/d/0B3_b4po9GqAObHZORUtmNjV3NFk/edit?usp=docslist_api,海岸・浜
航空自衛隊浜松広報館,静岡県,浜松市西区西山町,日本で唯一の航空自衛隊のテーマパーク。実物の航空機や装備品などを展示。体験コーナーや、全天周シアターなどで大人から子供まで楽しむことができる。,通年,053-472-1121,http://www.mod.go.jp/asdf/airpark/,https://docs.google.com/a/user-support-center.jp/file/d/0B3_b4po9GqAOaFJ1UEVMX2VVTWM/edit?usp=docslist_api,資料館・郷土館
星が丘テラス,愛知県,名古屋市千種区星が丘元町１６－５０,地下鉄星ヶ丘駅から南へのびる緩やかな道沿いにある。緑に囲まれたテラス風の造りと、オープンエアな設計が魅力。EAST・WESTの建物に分かれ、計約40店舗以上が入っている。,通年,052-781-1266,http://www.hoshigaoka-terrace.com/,https://docs.google.com/a/user-support-center.jp/file/d/0B3_b4po9GqAOMnNFYzJGVFJsOUE/edit?usp=docslist_api,ショッピングモール
ひがし茶屋街,石川県,金沢市東山,浅野川の岸辺に位置し、江戸時代から茶屋街として栄えてきた。格子戸の連なる町並みは格好の散策路。時折、芸妓が奏でる三味線や太鼓の音が聞こえてくる。,通年,076-220-2194,http://www.kanazawa-kankoukyoukai.gr.jp/sp_detail.php?sp_no=85,https://docs.google.com/a/user-support-center.jp/file/d/0B3_b4po9GqAONTRDLVhISzhzT1U/edit?usp=docslist_api,伝統的町並み・家並み
兼六園,石川県,金沢市兼六町１－４,日本三名園のひとつ。加賀藩の歴代藩主によって作庭された典型的な林泉回遊式大庭園。茶室や橋、池などが巧みに配置され、冬の雪吊りをはじめ四季折々美しい。,通年,076-234-3800,http://www.pref.ishikawa.jp/siro-niwa/kenrokuen/index.html,https://docs.google.com/a/user-support-center.jp/file/d/0B3_b4po9GqAOcGRfc2pOMDRoUWM/edit?usp=docslist_api,庭園
徳川美術館,愛知県,名古屋市東区徳川町１０１７,昭和10（1935）年に尾張徳川家19代当主、徳川義親氏の寄贈により設立。徳川家康の遺品や道具類などを中心に1万件あまり所蔵しており、なかでも国宝の源氏物語絵巻は圧巻。,通年,052-935-6262,http://www.tokugawa-art-museum.jp/,https://docs.google.com/a/user-support-center.jp/file/d/0B3_b4po9GqAOb0tDNGY1eFdqUFk/edit?usp=docslist_api,美術館・ギャラリー
アメイジングワールド　江南店,愛知県,江南市村久野町鳥附４３,家では出来ない大きな遊びを親子で楽しむ事ができる。1000坪もの広い店内にはスライダーやボールプールなどのふわふわや、抗菌砂場など遊びがいっぱい。小さなお子様専用のコーナーもある。,通年,0587-51-5715,http://www.amazingworld.jp/kounan/,https://docs.google.com/a/user-support-center.jp/file/d/0B3_b4po9GqAOc1BObUQwTTRyNVk/edit?usp=docslist_api,遊園地
松坂屋　名古屋店,愛知県,名古屋市中区栄３丁目１６－１,本館、北館、南館からなる売り場面積で日本最大級のデパート。パイプオルガンが置かれたスペースや美術館など、ショッピング以外の楽しみも見つけられる。,通年,052-251-1111,http://www.matsuzakaya.co.jp/nagoya/,https://docs.google.com/a/user-support-center.jp/file/d/0B3_b4po9GqAOOWMwWm1NUXlCTDQ/edit?usp=docslist_api,デパート
徳川園,愛知県,名古屋市東区徳川町１００１,尾張徳川家の隠居所跡を利用した優美な池泉回遊式の日本庭園。園内には滝や橋、照葉樹の森などが点在。ボタンやハナショウブなど、季節の景観を楽しみながら散策できる。,通年,052-935-8988,http://www.tokugawaen.city.nagoya.jp/,https://docs.google.com/a/user-support-center.jp/file/d/0B3_b4po9GqAOMmREMnI1M0tzeUE/edit?usp=docslist_api,その他の文化施設
東谷山フルーツパーク,愛知県,名古屋市守山区上志段味東谷２１１０,世界のフルーツが勢ぞろいするユニークな公園。熱帯果樹温室やくだもの館、フィッシングコーナー、レストランなどがあり、東谷山への散策路も整備されている。シダレ桜の名所としても有名。,通年,052-736-3344,http://www.fruitpark.org/,https://docs.google.com/a/user-support-center.jp/file/d/0B3_b4po9GqAOZkgyWDJRVFZqY2s/edit?usp=docslist_api,公園・緑地
名古屋市科学館,愛知県,名古屋市中区栄２丁目１７－１,物質原理を中心とする「理工館」、生命の仕組みや私たちの生活、環境に触れる「生命館」、未知の世界・宇宙をのぞく「天文館」の3館で構成される。プラネタリウムは人気。,通年,052-201-4486（団体予約専用は052-231-9771）,http://www.ncsm.city.nagoya.jp/,https://docs.google.com/a/user-support-center.jp/file/d/0B3_b4po9GqAOODJsVWNwSmNFdTg/edit?usp=docslist_api,学習館・科学館
名古屋市東山動植物園,愛知県,名古屋市千種区東山元町３丁目７０,広大な敷地に動、植物園がある。動物園は約500種類の動物を有する日本有数の規模を誇る。動物会館、自然動物館、メダカ館などテーマに沿った施設が並ぶ。,通年,052-782-2111,http://www.higashiyama.city.nagoya.jp,https://docs.google.com/a/user-support-center.jp/file/d/0B3_b4po9GqAOM2V0S25zM2JhWTg/edit?usp=docslist_api,動物園
堀内公園,愛知県,安城市堀内町安下１－１,色とりどりの花や緑にあふれた園内には、サイクルモノレールやバッテリーカー、メリーゴーラウンドなど、家族そろって楽しめる乗りものが充実している。,通年,0566-99-5947,http://www.katch.ne.jp/~aichswim-hp/,https://docs.google.com/a/user-support-center.jp/file/d/0B3_b4po9GqAOS3pQSWJQXzdBS2c/edit?usp=docslist_api,公園・緑地
やきもの散歩道,愛知県,常滑市栄町,赤レンガの煙突を見おろす高台の入り組んだ細い路地は、古い窯元が集中し常滑焼の土の香りを身近に感じることができる。散歩道はAとBの2種類がある。,通年,0569-34-8888,http://www.tokoname-kankou.net/contents/miru01-01.html,https://docs.google.com/a/user-support-center.jp/file/d/0B3_b4po9GqAObkducUNkUHJpUDg/edit?usp=docslist_api,遊歩道
ＩＰＣわんわん動物園,愛知県,岡崎市大平町川田４６－１,世界の名犬・珍犬を集めた犬のテーマパーク。犬たちが世界の名作や時代劇を演じるワンワン劇場やフライングディスクステージ、ドッグレース、ふれあいコーナーなどがある。,通年,0564-26-3884,http://www.ipcnet.co.jp/wwzoo/wwzweb/index.html,https://docs.google.com/a/user-support-center.jp/file/d/0B3_b4po9GqAOczJnWDRtN0hEeU0/edit?usp=docslist_api,動物園
イオンモール木曽川,愛知県,一宮市木曽川町黒田南八ツケ池２５－１,木曽川に隣接する巨大ショッピングセンター。専門店や映画館、スーパーマーケットやフードコートなどがそろい、吹き抜けの施設内は歩いているだけでも楽しめる。,通年,0586-84-2800,http://kisogawa-aeonmall.com/,https://docs.google.com/a/user-support-center.jp/file/d/0B3_b4po9GqAOUXd6RkstdUVVS0E/edit?usp=docslist_api,ショッピングモール
愛知県美術館,愛知県,名古屋市東区東桜１丁目１３－２　愛知芸術文化センター内,高層ビルの8階から10階を占める都市型美術館。おもに20世紀の作品を収集。ピカソ、クリムト、クレー、ミロや高橋由一、安井曾太郎、横山大観など、巨匠の作品が並ぶ。,通年,052-971-5511,http://www-art.aac.pref.aichi.jp,https://docs.google.com/a/user-support-center.jp/file/d/0B3_b4po9GqAOTHNJVWdKOTFybjA/edit?usp=docslist_api,美術館・ギャラリー
愛知県陶磁美術館,愛知県,瀬戸市南山口町２３４,指導を受けながら自由に作陶を楽しめる。展示内容も縄文式土器から近・現代陶芸、産業陶磁まで幅広い。,通年,0561-84-7474,http://www.pref.aichi.jp/touji,https://docs.google.com/a/user-support-center.jp/file/d/0B3_b4po9GqAOVEVrZVlfTDNKSW8/edit?usp=docslist_api,美術館・ギャラリー
東山スカイタワー,愛知県,名古屋市千種区田代町瓶杁１－８,名古屋市制100周年を記念して建てられた高さ134mのタワー。晴れた日は展望室から鈴鹿山脈からアルプス連峰まで見渡せる。最上階のスカイレストランがおすすめ。,通年,052-781-5586,http://www.higashiyamaskytower.jp/,https://docs.google.com/a/user-support-center.jp/file/d/0B3_b4po9GqAOdl9UeUJqUzQ0dWM/edit?usp=docslist_api,タワー
新美南吉記念館,愛知県,半田市岩滑西町１丁目１０－１,半田出身の童話作家、新美南吉の直筆原稿や手紙などを展示。その生涯や文学活動を紹介する。9月下旬には、記念館北側の矢勝川に200万本の彼岸花が咲き乱れる。,通年,0569-26-4888,http://www.nankichi.gr.jp/,https://docs.google.com/a/user-support-center.jp/file/d/0B3_b4po9GqAObzdxVHBiWU1OczQ/edit?usp=docslist_api,資料館・郷土館
庄内緑地,愛知県,名古屋市西区山田町上小田井敷地３５２７,庄内川の遊水地に広がる水と緑と太陽をテーマに整備された総合公園。園内にはバラ園、ショウブ園などがあり、散歩やサイクリングを楽しむ人々で賑わっている。,通年,052-503-1010,http://www.nga.or.jp/,https://docs.google.com/a/user-support-center.jp/file/d/0B3_b4po9GqAOVXpRZWs0WmoySUU/edit?usp=docslist_api,公園・緑地
高山陣屋,岐阜県,高山市八軒町１丁目５,徳川幕府の陣屋（役所・役宅・米蔵など）が、ほぼ完全な形（復元も含め）で残されている。全国に唯一現存する陣屋で、国史跡指定となっている。,通年,0577-32-0643,http://www.pref.gifu.lg.jp/kyoiku-bunka-sports/shakaikyoiku/kankeikikan/takayama-jinya/,https://docs.google.com/a/user-support-center.jp/file/d/0B3_b4po9GqAOV1FOZDBRd3ZEdzA/edit?usp=docslist_api,歴史的建造物
メナード美術館,愛知県,小牧市小牧５丁目２５０,メナード化粧品の創業者夫妻が中心となり収集した美術品を展示。マネやゴッホ、ピカソはじめ、横山大観、岸田劉生、舟越佳など、近・現代の洋画・日本画・彫刻・工芸品などを収蔵している。,通年,0568-75-5787,http://museum.menard.co.jp,https://docs.google.com/a/user-support-center.jp/file/d/0B3_b4po9GqAOaERXWDVDb0Zhcmc/edit?usp=docslist_api,美術館・ギャラリー
禄剛埼灯台,石川県,珠洲市狼煙町イ－５１,能登半島最北端の岬に立つ。イギリス人の設計で明治16（1883）年に建てられた白亜の灯台。「日本の灯台50選」にも選ばれた、海からの朝日・夕陽が同じ場所で見られることで有名。,通年,0767-53-7118,,https://docs.google.com/a/user-support-center.jp/file/d/0B3_b4po9GqAOOVozRHg1N2dTb3c/edit?usp=docslist_api,灯台
田原市蔵王山展望台,愛知県,田原市浦町蔵王１－４６,蔵王山山頂に建ち、展望室からは三河湾、太平洋、渥美半島を一望。360度の大パノラマを満喫できる。空気の澄んだ日には、遠く日本アルプスや富士山までが見渡せる。,通年,0531-22-0426,http://www.tahara-tmo.com/zaosan,https://docs.google.com/a/user-support-center.jp/file/d/0B3_b4po9GqAOX29oeXpSYlJoWW8/edit?usp=docslist_api,展望台・展望地
Ｃｅｎｔｒａｌ　Ｐａｒｋ,愛知県,名古屋市中区錦３丁目１５－１３先,栄駅から久屋大通駅にかけて広がる地下街。ファッションを中心に雑貨、サロンなどバラエティー豊かな店舗がそろう。オシャレなカフェから和・洋の人気店まで飲食店も充実。,通年,052-961-6111,http://www.centralpark.co.jp,https://docs.google.com/a/user-support-center.jp/file/d/0B3_b4po9GqAOenlfREdOZm1nVmc/edit?usp=docslist_api,地下街
御清水,福井県,大野市泉町,名水百選に選ばれた「御清水」は、かつて城主の飯米をとぐ（炊く）のに利用されていた。今も地元の人たちの社交場になっている。,通年,0779-66-1111,http://www.city.ono.fukui.jp/kanko/index.html,https://docs.google.com/a/user-support-center.jp/file/d/0B3_b4po9GqAOUTIzSmIyZUFTMDQ/edit?usp=docslist_api,名水
丸栄百貨店名古屋本館,愛知県,名古屋市中区栄３丁目３－１,若い女性に人気のトレンドファッションから、ミセス向けの落ち着いたファッションまで多面的に商品をラインナップ。地下の食品売場は新鮮でお値打ちな生鮮食品が評判だ。,通年,052-264-1211,http://www.maruei.ne.jp/,https://docs.google.com/a/user-support-center.jp/file/d/0B3_b4po9GqAOUXA5WHhpTkRPN0U/edit?usp=docslist_api,デパート
津島神社,愛知県,津島市神明町１,疫病災難除け、授福の神・須佐之男命をまつる全国天王社の総本社。尾張三英傑の崇敬を受け本殿は松平忠吉の妻女政子の、楼門は豊臣秀吉の、南門はその子・秀頼の寄進といわれる。,通年,0567-26-3216,http://tsushimajinja.or.jp/,https://docs.google.com/a/user-support-center.jp/file/d/0B3_b4po9GqAONTd2cWh5SWllR1k/edit?usp=docslist_api,神社（稲荷・権現）
豊田スタジアム,愛知県,豊田市千石町７丁目２,最大収容人数4万5千人の球技専用スタジアム。最大斜度38度の観客席、開閉式屋根、可動式大型スクリーンなど、サッカーだけでなく多目的に使える最新の設備がある。,通年,0565-87-5200,http://www.toyota-stadium.co.jp/,https://docs.google.com/a/user-support-center.jp/file/d/0B3_b4po9GqAOMjJ5LVFvSnk5RU0/edit?usp=docslist_api,その他の名所
杉本美術館,愛知県,知多郡美浜町美浜緑苑１丁目１２－１,洋画家、杉本健吉画伯の初期から晩年まで、80年あまりにわたる作品約9700点を収蔵している。小説「新・平家物語」の挿絵屏風や、陶芸や木工などの立体作品も多い。,通年,0569-88-5171,,https://docs.google.com/a/user-support-center.jp/file/d/0B3_b4po9GqAONmRNM2JUdENrdkU/edit?usp=docslist_api,美術館・ギャラリー
ぬくもりの森,静岡県,浜松市西区和地町２９４９,雑貨店やケーキショップ、フレンチレストラン（ディナーは要予約）、ギャラリーなどが点在する緑豊かな複合施設。曲線を描く建物の壁、土色の瓦が可愛らしい屋根など、園内はまるで絵本の世界。,通年,053-486-1723,http://www.nukumori.jp,https://docs.google.com/a/user-support-center.jp/file/d/0B3_b4po9GqAONU1ORjNwbDRfbW8/edit?usp=docslist_api,複合施設
奥殿陣屋,愛知県,岡崎市奥殿町雑谷下１０,岡崎市村積山自然公園、花園の里にある。松平家親藩の奥殿松平家4代乗真の時、奥殿に陣屋を移して奥殿藩が誕生した。郷土の偉人、大給恒をはじめ藩ゆかりの資料を常設展示。,通年,0564-45-7230,,https://docs.google.com/a/user-support-center.jp/file/d/0B3_b4po9GqAOTjU5cG1FYmtTbnM/edit?usp=docslist_api,資料館・郷土館
おかげ横丁,三重県,伊勢市宇治中之切町５２,江戸期から明治期の伊勢路の町並みを移築・再現した「おかげ横丁」。約50店舗からなる町には老舗の味名産、歴史、風習、人情などが凝縮されている。季節ごとに「まつり」や「市」を開催。,通年,0596-23-8838,http://www.okageyokocho.co.jp/,https://docs.google.com/a/user-support-center.jp/file/d/0B3_b4po9GqAOVl84R0lmZGZ6UFU/edit?usp=docslist_api,伝統的町並み・家並み
伊勢神宮・外宮,三重県,伊勢市豊川町２７９,衣食住、産業を守護する豊受大神が御祭神。高倉山麓の神域には大杉などに囲まれた唯一神明造りの御正殿や多賀宮などの宮が立ち並ぶ。20年に一度式年遷宮が行われる。,通年,0596-24-1111,http://www.isejingu.or.jp/,https://docs.google.com/a/user-support-center.jp/file/d/0B3_b4po9GqAOUHFySnNMVnZaVVk/edit?usp=docslist_api,神社（稲荷・権現）
丈山苑,愛知県,安城市和泉町中本郷１８０－１,大坂夏の陣で徳川家康に従って石川丈山が没するまで住んだ詩仙堂を、生誕地の和泉に再現。「詩泉閣」と名付けられた苑内の建物には直筆の書画などを配置。,通年,0566-92-7780,,https://docs.google.com/a/user-support-center.jp/file/d/0B3_b4po9GqAOMHYzelhRSVkzRXM/edit?usp=docslist_api,庭園
三河工芸ガラス美術館,愛知県,西尾市富山町東郷５,巨大万華鏡や、彫刻鏡の部屋などがある不思議体験型ミュージアム。万華鏡やステンドグラスの工芸が体験できる。ガラス製品のショップもあり、オーダーメイドも可。,通年,0563-59-3334,http://www.japan-net.ne.jp/~artglass/,https://docs.google.com/a/user-support-center.jp/file/d/0B3_b4po9GqAOYlROUlFhX3BJaEk/edit?usp=docslist_api,美術館・ギャラリー
岡崎駒立ぶどう狩り,愛知県,岡崎市駒立町,7ヵ所のぶどう園からなる駒立ぶどう園。山遊び、プール、川遊びなど自然とふれあいながら一日遊べる遊具も設置。イベントや体験・講習会も開催。,7月20日～10月10日,0564-45-5151,http://www.nande.com/coma-grape,https://docs.google.com/a/user-support-center.jp/file/d/0B3_b4po9GqAOVDJSV0YzV2NYSjQ/edit?usp=docslist_api,観光農園・農場
のとじま水族館,石川県,七尾市能登島曲町１５－４０,近海の魚を中心に約500種4万点におよぶ生き物を展示。「ジンベエザメ館 青の世界」やトンネル水槽「イルカたちの楽園」やイルカとのふれあいプールなど体験型水族館として楽しめる。,通年,0767-84-1271,http://www.notoaqua.jp/,https://docs.google.com/a/user-support-center.jp/file/d/0B3_b4po9GqAOd0xzNWR1Ykt2MXM/edit?usp=docslist_api,水族館
世界淡水魚園水族館　アクア・トトぎふ,岐阜県,各務原市川島笠田町１４５３　河川環境楽園内,長良川の源流から河口まで、さらに世界の川の自然環境を再現した淡水魚水族館。約260種、2万8500点の生物を展示し、淡水魚水族館としては世界最大級。音や光の演出も楽しい。,通年,0586-89-8200,http://aquatotto.com/,https://docs.google.com/a/user-support-center.jp/file/d/0B3_b4po9GqAOQ2F3QmdKSm1ta2M/edit?usp=docslist_api,水族館
金沢城公園,石川県,金沢市丸の内,前田家の居城金沢城跡。公園として整備された。重要文化財の石川門と三十間長屋、鶴丸倉庫、平成13（2001）年に復元された菱櫓・五十間長屋・橋爪門続櫓などがある。,通年,076-234-3800,http://www.pref.ishikawa.jp/siro-niwa/kanazawajou/index.html,https://docs.google.com/a/user-support-center.jp/file/d/0B3_b4po9GqAOSEVXOHhqSDBNVWs/edit?usp=docslist_api,城址
瀧谷寺,福井県,坂井市三国町滝谷１丁目７－１５,永和元（1375）年創建の真言宗智山派の古刹で、紀州根来寺の学僧・睿憲の開基と伝わる。宝物殿には国宝の金銅毛彫宝相華文磬や重要文化財が収蔵、一部が展示されている。,通年,0776-82-0216,http://www.takidanji.or.jp/,https://docs.google.com/a/user-support-center.jp/file/d/0B3_b4po9GqAOQmlsU2NYdHVOb1E/edit?usp=docslist_api,寺院（観音・不動）
越前そばの里,福井県,越前市真柄町７－３７,そばの魅力を体感できる人気スポット。「そば道場」では、誰でも手軽にそば打ち体験が楽しめる。スタッフの先生がポイントやコツを丁寧にアドバイスしてくれるから、初心者でも安心。,通年,0778-21-0272,http://www.echizensoba.co.jp/,https://docs.google.com/a/user-support-center.jp/file/d/0B3_b4po9GqAOenJJcE9xQVA5SG8/edit?usp=docslist_api,その他の体験施設
久能山東照宮,静岡県,静岡市駿河区根古屋３９０,元和2（1616）年徳川家康公の遺言により2代将軍・徳川秀忠公が創建。権現造、総漆塗りの国宝社殿と他13の建造物は国の重要文化財。平成17（2005）年の総塗り替えで美しく蘇った。,通年,054-237-2438,http://www.toshogu.or.jp/,https://docs.google.com/a/user-support-center.jp/file/d/0B3_b4po9GqAOLTRnVmN4MzlUdjg/edit?usp=docslist_api,神社（稲荷・権現）
中日劇場,愛知県,名古屋市中区栄４丁目１－１　中日ビル　９階,中日ビル9Fにある劇場。1440席の客席はゆったりとしていて、どの席からも見やすいと定評がある。ミュージカルから歌舞伎まで、ありとあらゆる演劇に利用されている。,通年,052-263-7171（予約センター0571-55-0881）,http://www.chunichi-theatre.com,https://docs.google.com/a/user-support-center.jp/file/d/0B3_b4po9GqAOZkhUSE1NbXp0X3c/edit?usp=docslist_api,劇場
高浜市やきものの里かわら美術館,愛知県,高浜市青木町９丁目６－１８,高浜市の特産物である瓦を美術的に鑑賞するとともに、絵本、平和、やきものなどの展覧会を開催し、幅広い芸術文化を提唱する美術館。陶芸創作室や高浜の産業・文化を紹介するシアターもある。,通年,0566-52-3366,http://www.takahama-kawara-museum.com/,https://docs.google.com/a/user-support-center.jp/file/d/0B3_b4po9GqAOOGJ0ZFdMeWZKS0U/edit?usp=docslist_api,美術館・ギャラリー
ミキモト真珠島,三重県,鳥羽市鳥羽１丁目７－１,世界初真珠養殖に成功した島。真珠の出来る仕組みや真珠をふんだんに使用した美術工芸品を展示する真珠博物館、御木本幸吉記念館、パールショップもある。磯着を着た海女の潜水実演も見られる。,通年,0599-25-2028,http://www.mikimoto-pearl-museum.co.jp/,https://docs.google.com/a/user-support-center.jp/file/d/0B3_b4po9GqAOc2h5Zk9pcFNLREU/edit?usp=docslist_api,その他の文化施設
巌門,石川県,羽咋郡志賀町富来牛下,能登金剛を代表する景勝地。波の浸食で、松を抱いた断崖に大きな洞門ができたもの。奥行き約60mの洞門には遊歩道もある。,通年（厳門遊覧船は4月～11月14日）,0767-48-1233,http://www3.ocn.ne.jp/~ganmon/,https://docs.google.com/a/user-support-center.jp/file/d/0B3_b4po9GqAOTGVYekhtLXhxSVE/edit?usp=docslist_api,特殊地形
見附島,石川県,珠洲市宝立町鵜飼,見付海岸の目の前にそびえる奇岩の島。軍艦のような勇壮な姿から「軍艦島」の別名もある。弘法大師が能登を訪れた際、最初に目に付いたことが名の由来。,通年,0768-82-4688,,https://docs.google.com/a/user-support-center.jp/file/d/0B3_b4po9GqAOS2dlN2RwN0hPZzg/edit?usp=docslist_api,島
刈込池,福井県,大野市上打波,その昔。泰澄大師が白山千蛇ヶ池に棲む大蛇を分けて刈り込み封じ込めたという伝説が残る池。透明な水面に映りこむ、三ノ峰の壮大な紅葉は美しいの一言。,5月上旬～11月下旬,0779-66-1111,,https://docs.google.com/a/user-support-center.jp/file/d/0B3_b4po9GqAOUTVCYmxKOFpYSTA/edit?usp=docslist_api,湿原・池塘
大樹寺,愛知県,岡崎市鴨田町広元５－１,松平・徳川家の菩提寺として名高い大樹寺には、松平8代の墓、歴代将軍の等身大の位牌が納められ、ゆかりの寺宝類も数多く収蔵されている。多宝塔は重要文化財に指定。,通年,0564-21-3917,http://home1.catvmics.ne.jp/~daijuji/,https://docs.google.com/a/user-support-center.jp/file/d/0B3_b4po9GqAOLXVwRUI2RnJvVlU/edit?usp=docslist_api,史跡など
蓬莱橋,静岡県,島田市南２丁目２２－１４,明治12（1879）年、大井川にかけられた木造有料橋。現在の橋は昭和40（1965）年にかけられたもので全長約897.4m、通行幅約2.4m。橋脚はコンクリートになったが、構造は昔のままだ。,通年,0547-37-1241,,https://docs.google.com/a/user-support-center.jp/file/d/0B3_b4po9GqAOWVhXOEJ3SldQUmc/edit?usp=docslist_api,橋
箸匠せいわ,福井県,小浜市竜前６－２,塗箸日本一の産地「若狭小浜」で、世界で一膳、自分だけのお箸が無料で作れる大人気のお店。店内には伝統的なお箸から楽しいお箸まで約300種類がある。季節毎に変わるお店の飾りも魅力。,通年,0770-56-0884（フリーダイヤル0120-11-8480）,http://www.e-hashiseiwa.com/,https://docs.google.com/a/user-support-center.jp/file/d/0B3_b4po9GqAOMTRWb1EzZERRV0E/edit?usp=docslist_api,その他の体験施設
坂井市海浜自然公園,福井県,坂井市三国町安島３６－７２,野鳥が生息する敷地内にアスレチックが設置された芝生広場、谷間の小川を利用した湿生植物園、バーベキュー広場など多彩な施設が点在。6月ごろに咲くアジサイもみごと。,通年（バーベキュー施設は4月20日～11月10日）,0776-82-2743（観光産業課は0776-50-3152）,http://www.mikuni.org/contents/play/nature.html,https://docs.google.com/a/user-support-center.jp/file/d/0B3_b4po9GqAOSms4dHlYWHh6N0k/edit?usp=docslist_api,その他のパーク・施設
ゆりの里公園,福井県,坂井市春江町石塚２１－２－３,6月には20種以上約3万本のユリの花が園内を埋め尽くす。また、バラ園もあり、5月中旬頃から楽しめる。子どもたちに人気の芝生広場やBBQ設備も。,通年,0776-58-0100,http://www.yurinosato.com,https://docs.google.com/a/user-support-center.jp/file/d/0B3_b4po9GqAObndLWTkyQVRzdTQ/edit?usp=docslist_api,公園・緑地
ぎふ長良川鵜飼,岐阜県,岐阜市湊町１－２,1300年以上の歴史がある伝統漁を、間近に見ることができる。漆黒の闇夜の中に響き渡る鵜匠が鵜を励ます「ホウホウ」という掛け声や、舟べりを叩く音は「日本の音風景百選」にも選ばれている。,5月11日～10月15日,058-262-0104,http://www.ukai-gifucity.jp/ukai/,https://docs.google.com/a/user-support-center.jp/file/d/0B3_b4po9GqAOODRMaHBxOFU2djQ/edit?usp=docslist_api,その他の乗り物
飛騨国分寺,岐阜県,高山市総和町１丁目８３,国の重要文化財の本堂や本尊薬師如来御像聖観世音菩薩、県の重要文化財の阿弥陀如来像不動明王、飛騨地方唯一の三重塔が見どころ。大イチョウは国の天然記念物に指定。七重塔跡は国の史跡。,通年,0577-32-1395,http://www3.ocn.ne.jp/~kokubun/,https://docs.google.com/a/user-support-center.jp/file/d/0B3_b4po9GqAOYTczM0lpTTEwS1k/edit?usp=docslist_api,寺院（観音・不動）
日本昭和村,岐阜県,美濃加茂市山之上町２２９２－１,昭和30年代の里山をイメージした園内では、陶芸やそば打ちなど20種類以上の手作り体験教室を毎日開催している。併設の昭和銭湯「里山の湯」では8種類のお風呂と無料の足湯が楽しめる。,通年,0574-23-0066,http://www.nihon-showamura.co.jp/,https://docs.google.com/a/user-support-center.jp/file/d/0B3_b4po9GqAOLS1ValNvdllJdjA/edit?usp=docslist_api,資料館・郷土館
御前埼灯台,静岡県,御前崎市御前崎１５８１,静岡県の最南端に位置する岬に建つこの灯台は、明治7年、イギリス人技師の監督のもとに誕生。行き交う船の目印というだけでなく、御前崎のシンボル的存在になっている。,通年,0548-63-2001,http://www.omaezaki.gr.jp/,https://docs.google.com/a/user-support-center.jp/file/d/0B3_b4po9GqAOT1RlLWd2dmREdGM/edit?usp=docslist_api,灯台
日本平ロープウェイ,静岡県,静岡市清水区草薙５９７－８,日本平から久能山頂上まで約1065mを結ぶロープウェイで、眼下には遥か先の御前崎まで駿河湾の大パノラマが広がる。久能山頂上には徳川家康公ゆかりの久能山東照宮がある。,通年,054-334-2026（静岡鉄道（株）日本平ロープウェイ営業所）,http://www.shizutetsu.co.jp/park/,https://docs.google.com/a/user-support-center.jp/file/d/0B3_b4po9GqAOSDNQVU1CVGZSb1U/edit?usp=docslist_api,ロープウェイ・ケーブルカー
窯垣の小径資料館,愛知県,瀬戸市仲洞町３９,建物は昔の窯元の家で江戸時代後期の建築。館内には窯業道具や昔の陶器、現在の陶磁器製品などを展示。日本第1号の本業タイルで作られた風呂や手洗いがある。,通年,0561-82-0714,,https://docs.google.com/a/user-support-center.jp/file/d/0B3_b4po9GqAONnZQd0pFNWQyMXM/edit?usp=docslist_api,資料館・郷土館
寂光院,愛知県,犬山市継鹿尾杉ノ段１２,もみじ寺と呼ばれる紅葉の名所。白雉5（654）年開山で尾張最古の名刹、千手観音を本尊とする。境内を東海自然歩道が通り緑豊かな全山は国定公園に指定され、展望台から尾張・美濃の景色は絶景。,通年,0568-61-0035,http://www.jakkoin.com/,https://docs.google.com/a/user-support-center.jp/file/d/0B3_b4po9GqAOc1FMYi1qNG1aaWc/edit?usp=docslist_api,寺院（観音・不動）
鷹巣海水浴場,福井県,福井市浜住町,越前加賀海岸国定公園に含まれる海水浴場。海水の透明度は抜群の海岸は砂浜あり岩場あり。海水浴シーズン以外は、釣り、ウインドサーフィンなどが楽しめる。,7月上旬～8月下旬,0776-87-2704,http://takasu.cfb.jp/,https://docs.google.com/a/user-support-center.jp/file/d/0B3_b4po9GqAOcDd4bWotcDUtblU/edit?usp=docslist_api,海水浴場・湖水浴場
千種公園,愛知県,名古屋市千種区若水１,遊具広場や噴水のある市民憩いの場。園内にはユリ園があり、5月下旬から6月中旬には約20種約1万株のユリが可憐な花を咲かせる。,通年,052-781-5211,,https://docs.google.com/a/user-support-center.jp/file/d/0B3_b4po9GqAONzlVQlA4aktOcnM/edit?usp=docslist_api,公園・緑地
名古屋港ガーデンふ頭,愛知県,名古屋市港区港町１－９,名古屋のウォーターフロントとして人気の名古屋港ガーデンふ頭。周辺には名古屋港水族館や観覧車のあるシートレインランド、名古屋港ポートビルなどが集結している。,通年,052-654-7000（総合案内所）,http://www.nagoyaaqua.jp,https://docs.google.com/a/user-support-center.jp/file/d/0B3_b4po9GqAORlNDU01sMnlrMk0/edit?usp=docslist_api,複合施設
横山展望台,三重県,志摩市阿児町鵜方,横山には横山展望台・あご湾展望台・パノラマ展望台・見晴し展望台があり、英虞湾が一望できる絶景スポット。入り口には伊勢志摩国立公園ビジターセンターがある。,通年,0599-44-0567,http://www.yokoyama-vc.jp/,https://docs.google.com/a/user-support-center.jp/file/d/0B3_b4po9GqAOQVRjLWlrWFV5QUU/edit?usp=docslist_api,展望台・展望地
黒部平,富山県,中新川郡立山町芦峅寺ブナ坂外１１　国有林（黒部平）,立山連峰から黒部湖に張り出したテラス状のところで標高1828m。規模は小さいが黒部平庭園と呼ばれる園地があり、遊歩道も整備されている。,4月17日～11月（冬期道路閉鎖のため）,076-462-9971,,https://docs.google.com/a/user-support-center.jp/file/d/0B3_b4po9GqAOWXZYdE1hdnZCVUU/edit?usp=docslist_api,高原
世界一長いベンチ,石川県,羽咋郡志賀町富来領家町地内,増穂浦の海岸沿いにある全長約460.9mという長いベンチ。組み立てには800人ものボランティアが参加した。ギネスブックに、世界一長いベンチとして登録された。,通年,0767-32-1111,,https://docs.google.com/a/user-support-center.jp/file/d/0B3_b4po9GqAOVWtjY2hUaEM2Nzg/edit?usp=docslist_api,その他の名所
常神半島,福井県,三方上中郡若狭町常神,半島名は西浦の常神・神子の間に鎮座する式内社常神社によるとされている。半島西側の世久見湾一帯が海中公園となっていて、若狭湾国定公園の観光の一焦点となっている。,通年,0770-45-0113,,https://docs.google.com/a/user-support-center.jp/file/d/0B3_b4po9GqAOXzEtMTJFalBBbUk/edit?usp=docslist_api,半島
南宮大社,岐阜県,不破郡垂井町宮代１７３４－１,金山彦大神を主祭神とし、全国の鉱山、金属業の総本宮として古くから信仰を集めている神社。江戸時代の神社建築の代表的な遺構18棟が国の重要文化財に指定されている。,通年,0584-22-1225,,https://docs.google.com/a/user-support-center.jp/file/d/0B3_b4po9GqAOZVV2SFA3cVNORU0/edit?usp=docslist_api,神社（稲荷・権現）
瀬戸川と白壁土蔵街,岐阜県,飛騨市古川町殿町、壱之町,瀬戸川は、武家屋敷と町人町の境界として造られた用水。瀬戸川には約1000匹の鯉が泳ぎ、川に沿って白壁土蔵が連なり、城下町の面影を残している。古川の代表的な景観が楽しめる場所だ。,通年,0577-73-2111,http://www.city.hida.gifu.jp/kanko/miru/spot/furukawa/13setogawa/index.html,https://docs.google.com/a/user-support-center.jp/file/d/0B3_b4po9GqAOVG1jUldMZFEzM00/edit?usp=docslist_api,伝統的町並み・家並み
飛騨古川の町並み,岐阜県,飛騨市古川町壱之町、三之町,壱之町通りには、造り酒屋の商家をはじめ、出格子、雲などの意匠を施した飛騨の伝統的な家屋が軒を連ねている。古川三之町の通りは夜の姿も幻想的で美しい。,通年,0577-73-2111,http://www.city.hida.gifu.jp/,https://docs.google.com/a/user-support-center.jp/file/d/0B3_b4po9GqAOQzROV3hRV2xjVFE/edit?usp=docslist_api,伝統的町並み・家並み
中部電力浜岡原子力館,静岡県,御前崎市佐倉５５６１,発電所の敷地内にあり、模型で原子力発電の仕組みを学ぶことができる。展望台では発電所全景や遠州灘を望める。またドーム状スクリーンのオムニマックスシアターも人気だ。,通年,0537-85-2424,http://www.chuden.co.jp/hamaoka-pr/,https://docs.google.com/a/user-support-center.jp/file/d/0B3_b4po9GqAOU3JuLW5xeGl5VWc/edit?usp=docslist_api,学習館・科学館
本光寺,愛知県,額田郡幸田町深溝内山１７,深溝松平家の菩提寺として1523年に建立。四季折々に咲く花の名所として知られ、夏には参道の両側や境内を約1万本のあじさいが埋めつくす。近年は「三河のあじさい寺」と呼ばれている。,通年,0564-62-1626,,https://docs.google.com/a/user-support-center.jp/file/d/0B3_b4po9GqAOZTZqamx5TXE3UXM/edit?usp=docslist_api,寺院（観音・不動）
赤目四十八滝,三重県,名張市赤目町長坂,滝川の上流、4kmにわたって続く渓谷で、滝を見ながら歩ける遊歩道があり、片道2時間ほどの手軽なハイキングコースとして人気がある。秋は見事な紅葉の中を散歩できる。,5月上旬～6月上旬（新緑）、11月上旬～下旬（紅葉）,0595-63-3004,http://www.akame48taki.com/,https://docs.google.com/a/user-support-center.jp/file/d/0B3_b4po9GqAOMGQ1Y3YwYkR0SE0/edit?usp=docslist_api,紅葉の名所
体験工房パピルス館,福井県,越前市新在家町８－４４,約1500年の伝統に培われた丈夫で皇かな手触りが特徴の越前和紙は、品質の高さと種類の豊富さで知られる。,通年,0778-42-1363,http://www.echizenwashi.jp,https://docs.google.com/a/user-support-center.jp/file/d/0B3_b4po9GqAOVFd1WDg3a0RSTTQ/edit?usp=docslist_api,その他の体験施設
安城産業文化公園デンパーク,愛知県,安城市赤松町梶１,四季折々のガーデンデザインが楽しめ、自然と親しむことができる花と緑のテーマパーク。地ビールや三河牛、郷土料理を味わえるほか、ソーセージやパン作りなどの体験もできる。,通年,0566-92-7111,http://denpark.jp/,https://docs.google.com/a/user-support-center.jp/file/d/0B3_b4po9GqAOcmVtc3JkM2Z3Z2M/edit?usp=docslist_api,遊園地
オアシス２１,愛知県,名古屋市東区東桜１丁目１１－１,立体型公園。地下にショッピング街、1階にバスセンター、地上には芝生が広がる「緑の大地」がある。屋上には水の宇宙船が浮かび、地上14mの空中散歩が楽しめる。,通年,052-962-1011,http://www.sakaepark.co.jp/,https://docs.google.com/a/user-support-center.jp/file/d/0B3_b4po9GqAOUEFGUGxCRTVMeEk/edit?usp=docslist_api,公園・緑地
蒲郡オレンジパーク,愛知県,蒲郡市清田町小栗見１－９３,蒲郡オレンジロード途中にあり、ミカン狩りやイチゴ狩り、メロン狩りなど、四季折々の味覚狩りが楽しめる。,通年,0533-68-2321,http://www.orepa.jp/,https://docs.google.com/a/user-support-center.jp/file/d/0B3_b4po9GqAOcmt2WXVBd25rVkE/edit?usp=docslist_api,観光農園・農場
名古屋パルコ,愛知県,名古屋市中区栄３丁目２９－１,約300のブランドショップやセレクトショップから、ランチやディナーも楽しめるレストラン&カフェも充実。H.I.Sやタワーレコードなどのメガショップの他、映画館やライブハウスも入る。,通年,052-264-8111,http://nagoya.parco.jp/,https://docs.google.com/a/user-support-center.jp/file/d/0B3_b4po9GqAORFhoeGpFYmNpTGM/edit?usp=docslist_api,ショッピングモール
ＪＲセントラルタワーズ,愛知県,名古屋市中村区名駅１丁目１－４,JR名古屋駅の真上にある、地上226mのホテル棟と地上245mのオフィス棟からなる複合ビル。百貨店、ホテル、オフィス、レストラン街、空中散歩ができる「スカイストリート」などもある。,通年,052-586-7999,http://www.towers.jp,https://docs.google.com/a/user-support-center.jp/file/d/0B3_b4po9GqAOSGw0Zlp4RmJtbjA/edit?usp=docslist_api,タワー
竹島水族館,愛知県,蒲郡市竹島町１－６,竹島の陸地側には、タカアシガニなどの珍しい海水魚、淡水魚、熱帯魚など、約450種、4500点の魚介類を展示する竹島水族館がある。アシカショーは子供たちに人気だ。,通年,0533-68-2059,http://www.city.gamagori.lg.jp/site/takesui/,https://docs.google.com/a/user-support-center.jp/file/d/0B3_b4po9GqAOSGc1LVFTWXh6WXM/edit?usp=docslist_api,水族館
アスナル金山,愛知県,名古屋市中区金山１丁目１７－１,交通ターミナル施設、商業施設、広場などからなる複合施設。施設名には「明日・成る」という強い意思と未来へ向かう夢と情熱が込められている。,通年,052-324-8577,http://www.asunal.jp/,https://docs.google.com/a/user-support-center.jp/file/d/0B3_b4po9GqAOc2JqY19EWWpVYUU/edit?usp=docslist_api,複合施設
高島屋　ジェイアール名古屋タカシマヤ,愛知県,名古屋市中村区名駅１丁目１－４,JRセントラルタワーズのB2階～11階、51階を占める大型百貨店。各フロアには人気ブランド、グルメ、雑貨など話題のショップが目白押し。東急ハンズ、書籍やCDなど専門店も充実。,通年,052-566-1101,http://www.jr-takashimaya.co.jp,https://docs.google.com/a/user-support-center.jp/file/d/0B3_b4po9GqAORHV1bVVOZS04TkE/edit?usp=docslist_api,デパート
中部国際空港,愛知県,常滑市セントレア１丁目１,ターミナルビルを中心に多彩な商業施設がある国際空港。スカイタウンは遊びと買い物、グルメがそろう。飛行機の離着陸を間近に見られるスカイデッキは眺めが最高。週末はイベントも開催される。,通年,0569-38-1195,http://www.centrair.jp/,https://docs.google.com/a/user-support-center.jp/file/d/0B3_b4po9GqAOLTMwYWFWcVE3OW8/edit?usp=docslist_api,複合施設
ラグーナ　蒲郡,愛知県,蒲郡市海陽町２丁目１,テーマパーク「ラグナシア」や、ショッピングモール「ラグーナ フェスティバルマーケット」などがある複合型マリンリゾート。日帰り入浴施設やタラソテラピー施設もある。,通年,0533-58-2700（インフォメーションセンター）,http://www.laguna-gamagori.co.jp,https://docs.google.com/a/user-support-center.jp/file/d/0B3_b4po9GqAOUTIwdjlWcEY3MDg/edit?usp=docslist_api,複合施設
名古屋港水族館,愛知県,名古屋市港区港町１－３,シャチやベルーガ、バンドウイルカなどの哺乳類を飼育展示する北館と、世界の5つの水域に棲む生物がいる南館からなり、メインプールでは、イルカパフォーマンスが見られる。,通年,052-654-7080（団体予約は052-654-1680）,http://www.nagoyaaqua.jp/aqua/index.html,https://docs.google.com/a/user-support-center.jp/file/d/0B3_b4po9GqAOaFYzeHpJUl91Tk0/edit?usp=docslist_api,水族館
野外民族博物館　リトルワールド,愛知県,犬山市今井成沢９０－４８,グルメやショッピング、民族衣裳の試着など、楽しみながら世界の文化に親しむことができる。サーカスや民族舞踊など楽しいイベントも随時開催。大人から子どもまで楽しめるスポット。,通年,0568-62-5611,http://www.littleworld.jp,https://docs.google.com/a/user-support-center.jp/file/d/0B3_b4po9GqAOYzMwT2tSUHpwNkk/edit?usp=docslist_api,博物館
名古屋ボストン美術館,愛知県,名古屋市中区金山町１丁目１－１　金山南ビル　３～５階,ボストンギャラリーでは、米国ボストン美術館所蔵の45万点の作品の中から、テーマに沿って所蔵品を紹介。オープンギャラリーでは国内外より幅広い作品を展示している。,通年,052-684-0101,http://www.nagoya-boston.or.jp,https://docs.google.com/a/user-support-center.jp/file/d/0B3_b4po9GqAOOTZuU0dGNl9HT3M/edit?usp=docslist_api,美術館・ギャラリー
博物館明治村,愛知県,犬山市内山１,明治時代の建造物を移築保存する野外博物館。自然の丘陵を利用した広大な敷地には、貴重な公共建築物や民家、教会などが展示されている。,通年,0568-67-0314,http://www.meijimura.com,https://docs.google.com/a/user-support-center.jp/file/d/0B3_b4po9GqAOS2JNQUtKMF9qSHc/edit?usp=docslist_api,博物館
名古屋城,愛知県,名古屋市中区本丸１－１,慶長17（1612）年築城。昭和20（1945）年の空襲で焼失を免れた3つの門と櫓、本丸御殿障壁画は重要文化財。昭和34（1959）年に天守閣再建。現在、本丸御殿を復元工事中。「玄関表書院」を公開中。,通年,052-231-1700,http://www.nagoyajo.city.nagoya.jp/,https://docs.google.com/a/user-support-center.jp/file/d/0B3_b4po9GqAOeUgwSW1sZzgyYUU/edit?usp=docslist_api,城
日出の石門,愛知県,田原市日出町,太平洋の荒波に浸食されてできた、大きな岩の洞穴。沖の石門、岸の石門の2つがある。自然が創り出した雄大な景観を楽しめる。,通年,0531-23-3516,http://www.taharakankou.gr.jp/spot/000007.html,https://docs.google.com/a/user-support-center.jp/file/d/0B3_b4po9GqAOUXVkV19Ldmhub28/edit?usp=docslist_api,その他の自然地形
瀬戸蔵,愛知県,瀬戸市蔵所町１－１,瀬戸焼の総合ミュージアムやギャラリー、店舗、多目的ホールなどさまざまな機能を備えた複合施設。ミュージアムでは懐かしい瀬戸の町並を再現。やきものの変遷を紹介する大パノラマ展示もある。,通年,0561-97-1555,http://www.city.seto.aichi.jp/docs/2014040200076/,https://docs.google.com/a/user-support-center.jp/file/d/0B3_b4po9GqAOS0xHaXU2Z0huOFU/edit?usp=docslist_api,美術館・ギャラリー
ナディアパーク,愛知県,名古屋市中区栄３丁目１８－１,ツインビルからなる複合施設。低層階にはロフト名古屋やクレアーレ、ジュンク堂書店。上層階にはオフィスやホール、ミュージアムなど多彩な施設があり、栄南の情報発信基地となっている。,通年,052-265-2199,http://www.nadyapark.jp,https://docs.google.com/a/user-support-center.jp/file/d/0B3_b4po9GqAOWVdHaDFVcUJ1REU/edit?usp=docslist_api,デパート
しあわせ村,愛知県,東海市荒尾町西廻間２－１,小高い丘に広がる公園。屋外のしあわせ村ゾーンにはハーブ園やキャンプ場などがあり、健康ふれあい交流館には、温水プールやジャグジーなどの設備がある。,通年,052-689-1600,http://www.city.tokai.aichi.jp/4337.htm,https://docs.google.com/a/user-support-center.jp/file/d/0B3_b4po9GqAOOU9pV3lBOE4zRmM/edit?usp=docslist_api,公園・緑地
ラグーナ　蒲郡　ラグナシア,愛知県,蒲郡市海陽町２丁目３,伝説の港町をモチーフにしたテーマパーク。多彩なアトラクションやエンターテインメントショーを一年中楽しむことができる。夏は6種類のプールで水遊びが楽しめる。,通年,0533-58-2700（インフォメーションセンター）,http://www.laguna-gamagori.co.jp/lagunasia/index.html,https://docs.google.com/a/user-support-center.jp/file/d/0B3_b4po9GqAOaWI3SUZEdGt5X1k/edit?usp=docslist_api,遊園地
白米の千枚田,石川県,輪島市白米町,高洲山の山裾が海に落ち込む斜面に開かれた田。曲線を描くあぜに仕切られた小さな田が、幾重にも重なる。,通年,0768-23-1146,,https://docs.google.com/a/user-support-center.jp/file/d/0B3_b4po9GqAOdXMzWG5UUk1YZDA/edit?usp=docslist_api,その他の名所
大野城,福井県,大野市城町３－１０９,織田信長の重臣・金森長近が天正4（1576）年に築城した。安永4（1775）年の大火で本丸は焼失。天守閣は古い絵図面を元に昭和43（1968）年に再建。石垣は野面積みの手法で築かれた。,4～11月,0779-66-0234,,https://docs.google.com/a/user-support-center.jp/file/d/0B3_b4po9GqAOem5DcnFoNURLYkk/edit?usp=docslist_api,城
平湯大滝,岐阜県,高山市奥飛騨温泉郷平湯,中部山岳国立公園にある高さ約60m、幅7mの滝で、飛騨三大名瀑のひとつ。毎年2月15日から25日には平湯大滝結氷まつりが行われ、凍りついた滝がライトアップされる。,通年,0578-89-1250,,https://docs.google.com/a/user-support-center.jp/file/d/0B3_b4po9GqAObGxCNDlydFVkVmM/edit?usp=docslist_api,滝
ＩＮＡＸライブミュージアム　世界のタイル博物館,愛知県,常滑市奥栄町１丁目１３０,紀元前から近代の装飾タイル1000点を展示する日本で唯一のタイル研究博物館。地域や文化、時代により、さまざまな美しさや用途をもつ装飾タイルの発展史を、空間展示を交えて紹介している。,通年,0569-34-8282,http://www1.lixil.co.jp/museum/,https://docs.google.com/a/user-support-center.jp/file/d/0B3_b4po9GqAOMjRtbTJqR3plQlU/edit?usp=docslist_api,博物館
名城公園,愛知県,名古屋市北区名城１丁目,名古屋城の北側に位置し、季節ごとの花と緑、水による自然の演出が楽しめる市民の憩いの場。また、野球場や花の展示館「名城公園フラワープラザ」などの施設もある。,通年,052-911-8165,,https://docs.google.com/a/user-support-center.jp/file/d/0B3_b4po9GqAOXzdpRmlES0FSa1E/edit?usp=docslist_api,公園・緑地
愛知芸術文化センター,愛知県,名古屋市東区東桜１丁目１３－２,愛知県美術館、アートプラザやアートライブラリーなどのある愛知県文化情報センター、本格的オペラが上演できる大ホール、すぐれた音響のコンサートホールなどの愛知県芸術劇場で構成。,通年,052-971-5511,http://www.aac.pref.aichi.jp,https://docs.google.com/a/user-support-center.jp/file/d/0B3_b4po9GqAOeDFwTzJyaDhYWms/edit?usp=docslist_api,その他の文化施設
鶴舞公園,愛知県,名古屋市昭和区鶴舞１,明治42（1909）年に開園した、名古屋市が設置した最初の都市公園。園内では春はサクラ、バラ、花しょうぶ、夏にはアジサイ、秋の紅葉と通年美しい花が楽しめる。,通年,052-733-8340,,https://docs.google.com/a/user-support-center.jp/file/d/0B3_b4po9GqAORmd3cDlNcWNMWWc/edit?usp=docslist_api,花の名所
日本モンキーパーク,愛知県,犬山市犬山官林２６,日本モンキーパークは、小さなお子さまも楽しめるファミリーに人気の遊園地。夏のプールや季節のイベント、オリジナルキャラクターの「モンパ君」や「モンピーちゃん」のミニステージも人気。,通年,0568-61-0870,http://www.japan-monkeypark.jp/,https://docs.google.com/a/user-support-center.jp/file/d/0B3_b4po9GqAOcTh2SGhsSWxKekk/edit?usp=docslist_api,遊園地
福井県立歴史博物館,福井県,福井市大宮２丁目１９－１５,福井の歴史や民族をわかりやすく紹介。福井の「モノ」や「モノ作り」をテーマにした「歴史ゾーン」や、昭和の街並みを再現した「トピックゾーン」などがある。,通年,0776-22-4675,http://www.pref.fukui.jp/muse/Cul-Hist/,https://docs.google.com/a/user-support-center.jp/file/d/0B3_b4po9GqAOd05mQVlGTWxISW8/edit?usp=docslist_api,博物館
有松・鳴海絞会館,愛知県,名古屋市緑区有松３００８,国の伝統的工芸品に指定されている有松・鳴海絞の歴史と文化を語り継ぐ会館。約400年の歴史をもつ有松絞りの歴史や技術を展示品やビデオ、伝統工芸士の実演で紹介。,通年,052-621-0111,http://www.shibori-kaikan.com/,https://docs.google.com/a/user-support-center.jp/file/d/0B3_b4po9GqAOX3k2am43MjZWWDQ/edit?usp=docslist_api,その他の体験施設
定光寺,愛知県,瀬戸市定光寺町３７３,建武3（1336）年に創建された臨済宗妙心寺の古刹。創建当時の姿をとどめている本堂は国の重要文化財。春は桜、秋は紅葉の名所としても知られる。,通年,0561-48-5319,http://oumusan.jyokoji.com/,https://docs.google.com/a/user-support-center.jp/file/d/0B3_b4po9GqAOZGNINkRncVJkZ28/edit?usp=docslist_api,寺院（観音・不動）
鳥羽水族館,三重県,鳥羽市鳥羽３丁目３－６,日本で唯一ジュゴンを飼育する水族館。飼育している生きものの種類数は日本一を誇る約1200種3万点。ラッコやスナメリなど哺乳類が多く、アシカやセイウチのショーも人気だ。,通年,0599-25-2555,http://www.aquarium.co.jp/,https://docs.google.com/a/user-support-center.jp/file/d/0B3_b4po9GqAOamd3MU5UTUpFMUE/edit?usp=docslist_api,水族館
若狭神宮寺,福井県,小浜市神宮寺３０－４,仁王門や本堂にはしめ縄がかけられ、神様と仏様が同居している希少な寺院。毎年3月2日に神宮寺と鵜の瀬で行われる「お水送り」神事で有名で、水は10日後に奈良東大寺二月堂に届くといわれる。,3月上旬～翌2月上旬,0770-56-1911,,https://docs.google.com/a/user-support-center.jp/file/d/0B3_b4po9GqAOZHM4V0k2SGF5Ym8/edit?usp=docslist_api,寺院（観音・不動）
根尾谷淡墨桜,岐阜県,本巣市根尾板所上段９９５,樹齢1500年余りの天然記念物の淡墨桜。毎年4月10日前後に満開になる桜は、つぼみのときは薄いピンク色、満開時には白、散り際には淡い墨を引いたように変化する。,4月10日前後,058-323-7756,,https://docs.google.com/a/user-support-center.jp/file/d/0B3_b4po9GqAObFkwR2pJV2M2U1E/edit?usp=docslist_api,桜の名所
養老の滝,岐阜県,養老郡養老町高林１２９８－２,滝の水が酒にかわったという孝子伝説で知られる高さ約30m、幅約4mの滝で、日本の滝百選に選ばれている。公園内には養老天命反転地やパークゴルフ場、こどもの国もある。,通年,0584-32-0501,http://www.yoro-park.com/,https://docs.google.com/a/user-support-center.jp/file/d/0B3_b4po9GqAOU3FpM0NQNlcxd1E/edit?usp=docslist_api,滝
南知多ビーチランド＆南知多おもちゃ王国,愛知県,知多郡美浜町奥田４２８－１,動物とのふれあい&アシカ・イルカショーを距離感ゼロで体感できる水族園が人気。8つのパビリオンとたくさんのおもちゃで自由に遊べるおもちゃ王国も併設し、家族みんなで楽しめる。,通年,0569-87-2000,http://www.beachland.jp/,https://docs.google.com/a/user-support-center.jp/file/d/0B3_b4po9GqAORzQtekpGelllZjQ/edit?usp=docslist_api,遊園地
下呂温泉合掌村,岐阜県,下呂市森２３６９,白川郷などから移築した合掌造りの民家を中心に、飛騨の文化や工芸、くらしを見ることができる。国指定重要文化財「旧大戸家住宅」や影絵昔話館「しらさぎ座」がある。,通年,0576-25-2239,http://gero-gassho.jp/,https://docs.google.com/a/user-support-center.jp/file/d/0B3_b4po9GqAONmh1NlptRklDYjA/edit?usp=docslist_api,史跡など
エスパルスドリームプラザ,静岡県,静岡市清水区入船町１３－１５,家族で楽しめる複合施設。観覧車、「ちびまる子ちゃんランド」、映画館他、日本初・寿司を学べる「清水すしミュージアム」には「清水すし横丁」もある。,通年,054-354-3360,http://www.dream-plaza.co.jp/,https://docs.google.com/a/user-support-center.jp/file/d/0B3_b4po9GqAOVXRmSFdTRnNiRjg/edit?usp=docslist_api,遊園地
南極観測船ふじ,愛知県,名古屋市港区港町１－９,昭和40（1965）年から18年間、砕氷船として南極観測に貢献した船の博物館。歴史的資料を展示するほか、航海中に使用していた医務室や理髪室などが見学できる。,通年,052-652-1111,http://www.nagoyaaqua.jp,https://docs.google.com/a/user-support-center.jp/file/d/0B3_b4po9GqAOTjhtV1JBSi1CRWs/edit?usp=docslist_api,博物館
山崎川四季の道の桜,愛知県,名古屋市瑞穂区田辺通　石川橋～新瑞橋,山崎川の両岸約2.8kmにわたって約600本のソメイヨシノが咲く桜の名所。特にかなえ橋～鼎小橋下流までの100mの区間は、21:00頃までライトアップされ、美しい夜桜を見に多くの人が訪れる。,3月下旬～4月上旬,052-831-6161,,https://docs.google.com/a/user-support-center.jp/file/d/0B3_b4po9GqAOXzRoelM5dWVmZWM/edit?usp=docslist_api,桜の名所
養老天命反転地,岐阜県,養老郡養老町高林１２９８－２,現代芸術家の荒川修作と詩人マドリン・ギンズの構想による体験型芸術庭園。メインパビリオンの「極限で似るものの家」と「楕円形のフィールド」から構成され、知覚的感覚をゆすぶられる。,通年,0584-32-0501,http://www.yoro-park.com/,https://docs.google.com/a/user-support-center.jp/file/d/0B3_b4po9GqAOT3NTbS1OczA1bW8/edit?usp=docslist_api,遊園地
恵那峡,岐阜県,恵那市大井町奥戸,日本観光地百選にも選ばれた景勝地。高速ジェット船での恵那峡めぐりが人気だ。軽快なエンジン音に乗って獅子岩や鏡岩などの奇岩を抜けると、大パノラマが広がる。,通年,0573-25-4800,,https://docs.google.com/a/user-support-center.jp/file/d/0B3_b4po9GqAOMHhzSmpER1FTck0/edit?usp=docslist_api,渓谷
日本海さかな街,福井県,敦賀市若葉町１丁目１５３１,地元水産業者を中心に約70店が軒を並べる巨大魚市場。越前ガニや甘エビといった日本海の幸はもちろん、おぼろ昆布などの名産品をお値打ち価格で販売。また飲食店も15店舗あり。,通年,0770-24-3800,http://www.sakanamachi.info/,https://docs.google.com/a/user-support-center.jp/file/d/0B3_b4po9GqAOalRqaDNhVWVEX0U/edit?usp=docslist_api,ショッピングモール
名古屋港シートレインランド,愛知県,名古屋市港区西倉町１－５１,名古屋港水族館の北隣にある遊園地。大観覧車からは、伊勢湾から名古屋市街、名港トリトンまで一望できる。また、恐怖診断が出来るゾンビパニック死霊の館もおすすめだ。,通年,052-661-1520,http://senyo.co.jp/seatrainland/,https://docs.google.com/a/user-support-center.jp/file/d/0B3_b4po9GqAOSjhfZ09DLWF6c1E/edit?usp=docslist_api,遊園地
ノベルティ・こども創造館,愛知県,瀬戸市泉町７４－１,瀬戸の産業文化の一つであるノベルティ（陶磁器製の置物や装飾品）の技術や歴史を学べる施設。土（粘土）などの素材を用いた創造プログラムやノベルティの展示などを行っている。,通年,0561-88-2668,http://www.city.seto.aichi.jp/docs/2010111000080/,https://docs.google.com/a/user-support-center.jp/file/d/0B3_b4po9GqAONzRBWmJLMXBnVlU/edit?usp=docslist_api,その他の体験施設
赤目四十八滝,三重県,名張市赤目町長坂,滝川の上流約4kmにわたって織りなす渓谷で、滝を見ながら歩ける遊歩道が整備され、手軽なハイキングコースとして人気がある。片道3時間ほどで途中には茶店などもある。,通年,0595-63-3004,http://www.akame48taki.com/,https://docs.google.com/a/user-support-center.jp/file/d/0B3_b4po9GqAOLW01RERPMXBCVkU/edit?usp=docslist_api,滝
御食国若狭おばま食文化館,福井県,小浜市川崎３丁目４,御食国とは古来、朝廷に食材を納めた国のことで、若狭は古くから塩や海産物を納める御食国であった。体験型ミュージアムで、若狭塗箸の研ぎ出し体験や食育を考えた料理なども体験できる。,通年,0770-53-1000,http://www1.city.obama.fukui.jp/category/page.asp?Page=478,https://docs.google.com/a/user-support-center.jp/file/d/0B3_b4po9GqAOYjdtRnI1a0F1TUk/edit?usp=docslist_api,資料館・郷土館
縄文ロマンパーク,福井県,三方上中郡若狭町鳥浜１２２－１２－１,「共生と循環」の考え方を柱に、縄文文化を現代に伝える。豊かな自然に囲まれた「若狭三方縄文博物館DOKIDOKI館」の他に、「縄文コロセウム」や「お祭り広場」などがある。,通年,0770-45-2270,,https://docs.google.com/a/user-support-center.jp/file/d/0B3_b4po9GqAOZWI5dmlVVnZvc3M/edit?usp=docslist_api,公園・緑地
洲原公園,愛知県,刈谷市井ヶ谷町松ヶ崎６－１０,アヒルやカモがのんびり遊ぶ洲原池と、その周辺のゆるやかな丘陵地を活かした公園。池の周囲には遊歩道が整備されている。春には花見の名所としてにぎわう。,通年,0566-36-8122,http://www.katch.ne.jp/~aichswim-sop/index.htm,https://docs.google.com/a/user-support-center.jp/file/d/0B3_b4po9GqAOaW12enppQXJObGs/edit?usp=docslist_api,公園・緑地
旧森田銀行本店,福井県,坂井市三国町南本町３丁目３－２６,県内最古の鉄筋コンクリート建築。大正9（1920）年に落成。建物外観は西欧の古典主義的なデザインになっており、内部は豪華な漆喰装飾が随所に見られる。,通年,0776-82-0299,http://mikunikaisyo.org/,https://docs.google.com/a/user-support-center.jp/file/d/0B3_b4po9GqAOZ2VjdUNGcmlnMmM/edit?usp=docslist_api,旧家
名古屋市博物館,愛知県,名古屋市瑞穂区瑞穂通１丁目２７－１,考古・美術工芸・文書典籍・民俗に関する資料を集め、保管・保存し、公開している。常設展「尾張の歴史」のほか、年に5～6回の特別展や企画展を開催。市民ギャラリーも備える。,通年,052-853-2655,http://www.museum.city.nagoya.jp/,https://docs.google.com/a/user-support-center.jp/file/d/0B3_b4po9GqAOVU03N3pUdzU2X00/edit?usp=docslist_api,博物館
名都美術館,愛知県,長久手市杁ケ池３０１,明治から現代を中心にした日本画を収蔵する美術館。伊東深水、上村松園、鏑木清方などの美人画コレクション、ほかに横山大観、川合玉堂、前田青邨などの作品も所蔵。,通年,0561-62-8884,http://www.meito.hayatele.co.jp,https://docs.google.com/a/user-support-center.jp/file/d/0B3_b4po9GqAOaVVaVXA1cjM2bGc/edit?usp=docslist_api,美術館・ギャラリー
亀城公園,愛知県,刈谷市城町１丁目１,春の桜をはじめ、四季折々に美しい花が咲き競い、日本庭園を彩る。面積はおよそ12.9ha。毎年桜の見頃にはイベントが開催され、夜にはぼんぼりも点灯する。,通年（桜の見頃は3月下旬～4月上旬）,0566-62-1023,,https://docs.google.com/a/user-support-center.jp/file/d/0B3_b4po9GqAOUEhzb0FDTmhIbUE/edit?usp=docslist_api,桜の名所
名古屋テレビ塔,愛知県,名古屋市中区錦３丁目６－１５,昭和29（1954）年に完成した日本最初の集約電波鉄塔で、国の登録有形文化財に指定。地上100mの屋外スカイバルコニーからは名古屋市内を一望できる。,通年,052-971-8546,http://www.nagoya-tv-tower.co.jp/,https://docs.google.com/a/user-support-center.jp/file/d/0B3_b4po9GqAOTW15TFVMQXlPUlU/edit?usp=docslist_api,タワー
剱神社,福井県,丹生郡越前町織田１１３－１,本殿は県指定文化財。境内には宝物殿もあり、奈良時代のものである国宝指定の「梵鐘」、織田信長の安堵状など数多くの貴重な宝物を見ることができる。,通年,0778-36-0404,http://tsurugi-jinja.jp,https://docs.google.com/a/user-support-center.jp/file/d/0B3_b4po9GqAOLXVYcHBxNHhVRlE/edit?usp=docslist_api,神社（稲荷・権現）
大本山成田山名古屋別院大聖寺,愛知県,犬山市犬山北白山平５,交通安全祈祷で知られる成田山新勝寺の名古屋別院。初詣や節分、花まつりなど年間を通してさまざまな催事があり、多くの参拝客が訪れる。境内からの眺望も見逃せない。,通年,0568-61-2583,http://www.inuyama-naritasan.or.jp/,https://docs.google.com/a/user-support-center.jp/file/d/0B3_b4po9GqAOQlJmdHUwdldJVEE/edit?usp=docslist_api,寺院（観音・不動）
福井県児童科学館（エンゼルランドふくい）,福井県,坂井市春江町東太郎丸３－１,広大な緑の芝生にユニークな形状の建物がとても特徴的な大型児童館。館内は宇宙や科学の体験型展示をはじめ、巨大なドームスクリーンでプラネタリウムや迫力ある映画を鑑賞できる。,通年,0776-51-8000,http://www.angelland.or.jp/,https://docs.google.com/a/user-support-center.jp/file/d/0B3_b4po9GqAORkdoVmhMd2ZVUW8/edit?usp=docslist_api,学習館・科学館
きのこの森,福井県,大飯郡おおい町鹿野４２－２７,雄大な自然に囲まれ、四季折々に違った表情を見せる。きのこの知識が広がる「きのこものしり館」、高さ30mの「きのこタワー」、陶芸体験ができる「陶芸館」などの施設で楽しめる。,通年,0770-78-1713,http://www.wakasa-ohi.co.jp/kinoko_01.htm,https://docs.google.com/a/user-support-center.jp/file/d/0B3_b4po9GqAOZ1lRbGtCeHN3Qm8/edit?usp=docslist_api,その他の体験施設
吉崎御坊願慶寺,福井県,あわら市吉崎１丁目３０２,文明3（1471）年に蓮如上人が開基し、北陸布教の拠点にした寺院。御坊跡は国指定の史跡として整備され、高村光雲作の蓮如上人像や、「嫁おどしの肉付き面」の民話やおもしろ法話が人気だ。,通年,0776-75-1956,http://www9.ocn.ne.jp/~gobou/,https://docs.google.com/a/user-support-center.jp/file/d/0B3_b4po9GqAOZjFjQ243MmlQRFU/edit?usp=docslist_api,寺院（観音・不動）
第１アメ横ビル,愛知県,名古屋市中区大須３丁目３０－８６,家電やパソコンはもちろん、カメラ、衣料、ブランド品まで多彩なジャンルがそろう大型テナントビル。又、第2ビルは年中無休で古着やカフェなどオシャレなお店や各種病院も完備。,通年,052-251-0100,http://osu-ameyoko.co.jp/,https://docs.google.com/a/user-support-center.jp/file/d/0B3_b4po9GqAOV1dFY011dG5hN3c/edit?usp=docslist_api,ショッピングモール
プリズム福井,福井県,福井市中央１丁目１－２５　ＪＲ福井駅構内,福井駅構内のショッピングエリア。県内各地のおみやげが豊富にそろうとあって、県内外問わず訪れる人が絶えない。そのほか喫茶や食事を取る店舗もあり、多くの人で賑わう。,通年,0776-27-1222,http://www.prism-fukui.jp/,https://docs.google.com/a/user-support-center.jp/file/d/0B3_b4po9GqAOM2FpbGc3N1NWS3c/edit?usp=docslist_api,ショッピングモール
福井原子力センター　あっとほうむ,福井県,敦賀市吉河３７－１,ゲーム・クイズ・映像が楽しめるあっとシアター、参加体験型の展示館、遊具がいっぱいの科学の広場、自然を満喫できるわくわく山歩道など、原子力や科学が遊び感覚で学べる施設。,-,0770-23-1710,http://www.athome.tsuruga.fukui.jp/,https://docs.google.com/a/user-support-center.jp/file/d/0B3_b4po9GqAObkF0MHZqekY0cjQ/edit?usp=docslist_api,遊園地
福井市美術館（アートラボふくい）,福井県,福井市下馬３丁目１１１１,福井市ゆかりの彫刻家・高田博厚の作品を収蔵、常設展示。企画展を開催するほか、市民の制作活動の発表の場にも活用。創作を大切にし、館内にはアトリエも設置。気軽にものづくりを体験できる。,通年,0776-33-2990,http://www.art.museum.city.fukui.fukui.jp/,https://docs.google.com/a/user-support-center.jp/file/d/0B3_b4po9GqAOdE95Y1hZU0lpMUk/edit?usp=docslist_api,美術館・ギャラリー
タケフナイフビレッジ協同組合（見学）,福井県,越前市余川町２２－９１,700年の伝統の技術が光る、切れ味の鋭さと強靭さ、研ぎやすさが特徴の越前打刃物。刃物に関する歴史的な資料が展示されているほか、工場内の作業を見学することができる。,通年,0778-27-7120,http://www.takefu-knifevillage.jp/,https://docs.google.com/a/user-support-center.jp/file/d/0B3_b4po9GqAObjNTd2NnNkVFVUE/edit?usp=docslist_api,その他の見学施設
鳥羽一番街,三重県,鳥羽市鳥羽１丁目２３８３－１３,鳥羽駅のすぐ前に位置し、真珠専門店をはじめ、海産物や銘菓が揃うみやげ店、地元の旬が味わえる飲食店など鳥羽の魅力が満載。鳥羽湾を望む休憩スペースや、鳥羽三女神願い事代理受付所もある。,通年,0599-26-3331,http://www.toba1ban.co.jp,https://docs.google.com/a/user-support-center.jp/file/d/0B3_b4po9GqAOR0ViMU5QUEdrcTA/edit?usp=docslist_api,ショッピングモール
豊橋市自然史博物館,愛知県,豊橋市大岩町大穴１－２３８　豊橋総合動植物公園内,生物の進化と郷土の自然史をテーマにした博物館。中生代白亜紀の植物食恐竜エドモントサウルスの実物化石が展示されているほか、実物大恐竜模型がある野外恐竜ランドなどがある。,通年,0532-41-4747,http://www.toyohaku.gr.jp/sizensi/,https://docs.google.com/a/user-support-center.jp/file/d/0B3_b4po9GqAOUm9yZUE5elhZS28/edit?usp=docslist_api,博物館
曼陀羅寺,愛知県,江南市前飛保町寺町２０２,後醍醐天皇が国家の安泰を願って創建した古刹。本堂の正堂と書院は重要文化財に指定されている。参道に沿って広がっている曼陀羅寺公園は藤の名所としても有名。,通年,0587-55-1695,,https://docs.google.com/a/user-support-center.jp/file/d/0B3_b4po9GqAOWlRIdy1nR0Y3LW8/edit?usp=docslist_api,寺院（観音・不動）
豊田市和紙のふるさと,愛知県,豊田市永太郎町洞２１６－１,和紙展示館、和紙工芸館、見本園などからなる和紙の総合施設。展示館には小原地区在住の工芸作家の作品をはじめ、小原和紙工芸の祖である藤井達吉の作品を展示している。,通年,0565-65-2151（紙すき体験は0565-65-2953）,http://www.washinofurusato.jp/,https://docs.google.com/a/user-support-center.jp/file/d/0B3_b4po9GqAOTE1IdkdIelVQLUU/edit?usp=docslist_api,資料館・郷土館
鳥羽展望台　食国蔵王,三重県,鳥羽市国崎町大岳３－３,パールロードの途中、箱田山にある鳥羽展望台の施設。食事をしながら絶景が楽しめるレストランやコーヒーショップ、地元のみやげ物がそろう売店などがある。,通年,0599-33-6201,http://www.toba-tenboudai.com/,https://docs.google.com/a/user-support-center.jp/file/d/0B3_b4po9GqAOY1JlVllueC1zMmM/edit?usp=docslist_api,展望台・展望地
高岡古城公園,富山県,高岡市古城１－９,元和元（1615）年一国一城の令により廃城となった高岡城を、明治8（1875）年、高岡公園として市民に開放。市の文化・スポーツ施設が点在し、春は桜、秋は紅葉の名所。,通年（桜の見頃は4月中旬、紅葉の見頃は11月）,0766-20-1563,http://www.kojyo.sakura.ne.jp/,https://docs.google.com/a/user-support-center.jp/file/d/0B3_b4po9GqAOMVJxeWZBbk9nTTQ/edit?usp=docslist_api,公園・緑地
金崎宮,福井県,敦賀市金ヶ崎町１－４,約1000本の桜をはじめ、夏は新緑、秋は紅葉、冬は雪景と四季折々の自然が楽しめる。南北朝時代や、織田信長の朝倉攻めの古戦場としても知られている。4月には「花換まつり」が行われる。,通年,0770-22-0938,http://kanegasakigu.jp,https://docs.google.com/a/user-support-center.jp/file/d/0B3_b4po9GqAOU0hqZVdvVk1TMEk/edit?usp=docslist_api,神社（稲荷・権現）
千古の家,福井県,坂井市丸岡町上竹田３０－１１,江戸時代初期に建てられた、福井県内最古の民家。建築様式や間取りから当時の生活を偲ぶ事ができる。敷地内では地元産のそば粉で打った手打ちそばや春は桜、夏は花菖蒲、秋は紅葉も楽しめる。,3～12月（1・2月は要問合せ）,0776-67-2111（財団法人重要文化財坪川家住宅保存会、東京事務所は0426-46-6288）,,https://docs.google.com/a/user-support-center.jp/file/d/0B3_b4po9GqAOazNFTExmNzNUZkU/edit?usp=docslist_api,旧家
根尾谷地震断層観察館,岐阜県,本巣市根尾水鳥５１２－１,明治24（1891）年の濃尾地震の際に、全長80kmにわたる断層が動いた。地下観察館では、断層を約10mまで掘り下げて真上から地層を観察できるように整備している。,通年,0581-38-3560,,https://docs.google.com/a/user-support-center.jp/file/d/0B3_b4po9GqAOUzVIQ0hTb1hPaUU/edit?usp=docslist_api,資料館・郷土館
三保の松原,静岡県,静岡市清水区三保,約7kmの海岸線に5万本以上の松が茂り、三大松原の1つに数えられている。波打ち際から望む富士山は圧巻。新日本三景の名勝地に選ばれている。,通年,054-354-2422,,https://docs.google.com/a/user-support-center.jp/file/d/0B3_b4po9GqAOSkIzbkl6di03bkU/edit?usp=docslist_api,半島
敦賀シンボルロード,福井県,敦賀市白銀町、本町,敦賀駅から氣比神宮の商店街沿い（シンボルロード）に松本零士作品モニュメントが並ぶ。銀河鉄道999や宇宙戦艦ヤマトが、敦賀の科学都市のイメージと適していたため依頼したそうだ。,通年,0770-22-8128,,https://docs.google.com/a/user-support-center.jp/file/d/0B3_b4po9GqAOQklYQUlGOVB2cDA/edit?usp=docslist_api,通り
ひるがの分水嶺公園,岐阜県,郡上市高鷲町ひるがの,分水嶺公園から流れ出る水は、一方は庄川を経て日本海へ、一方は長良川を経て太平洋に注ぎ込む。山奥からやがて海へ、水が旅立つロマンがこの分水嶺にはある。,通年,0575-72-5000,http://hirugano.net/enjoy/water.html,https://docs.google.com/a/user-support-center.jp/file/d/0B3_b4po9GqAOLTlmLUswTnkwa3M/edit?usp=docslist_api,公園・緑地
養老の滝・菊水泉,岐阜県,養老郡養老町養老公園,養老山麓の大自然を取り入れた県営養老公園の中にあり、「日本の名水百選」に選ばれているきれいな湧き水。炭酸やミネラルが多く、飲めば若返るという伝説もあるとか。,通年,0584-32-0501,,https://docs.google.com/a/user-support-center.jp/file/d/0B3_b4po9GqAOaVdvM0oxMzFuMUE/edit?usp=docslist_api,名水
窯垣の小径,愛知県,瀬戸市仲洞町,「せともの」生産で使われた窯道具で築いた壁や塀が沿道を飾る。今では少なくなった往時の瀬戸の風景が残る。小径の中ほどに窯垣の小径資料館があり、地元ボランティアの温かいもてなしが好評。,通年,0561-85-2730,http://www.seto-marutto.info/cgi-bin/data/miru/021.html,https://docs.google.com/a/user-support-center.jp/file/d/0B3_b4po9GqAOTjI0ekt3dVJBZXM/edit?usp=docslist_api,通り
野間灯台,愛知県,知多郡美浜町小野浦岩成２０－１,大正11（1922）年から、伊勢湾を航行する船を見守り続ける灯台。国道247号沿い、海岸線のカーブの先にある白い姿は、時間とともに表情を変える海とのコントラストが美しい。,通年,0569-82-1111,,https://docs.google.com/a/user-support-center.jp/file/d/0B3_b4po9GqAORWQ4R0lsNEZYdUU/edit?usp=docslist_api,灯台
天の岩戸,三重県,志摩市磯部町恵利原,天照大神が姿を隠されたと伝わる神路川上流の山の中にある洞窟で、岩穴からは豊富な湧水が流れ、あたりは神秘的な雰囲気が漂う。「名水百選」に選ばれている。,通年,0599-46-0570,http://www.kanko-shima.com/,https://docs.google.com/a/user-support-center.jp/file/d/0B3_b4po9GqAOVms4RkE4b0hXNUU/edit?usp=docslist_api,名水
水島,福井県,敦賀市水島,敦賀半島の先端周辺に浮かぶ小さな無人島。ここはハワイを彷彿とさせ、海水浴や釣りなど南国のリゾート気分を楽しめる。無人島なのでトイレ以外の施設はなし。遊び道具は持参しよう。,7月上旬～8月,0770-21-8686,http://www.turuga.org/,https://docs.google.com/a/user-support-center.jp/file/d/0B3_b4po9GqAOeWltbjhjMllFLU0/edit?usp=docslist_api,島
永平寺,福井県,吉田郡永平寺町志比５－１５,道元禅師が寛元2（1244）年に創建した曹洞宗の大本山。約10万坪の寺域に、大小70の堂宇が並ぶ。約200人の雲水が厳しい修行に励み全国に約1万5000の末寺を持つ。,通年,0776-63-3102,,https://docs.google.com/a/user-support-center.jp/file/d/0B3_b4po9GqAObmlkdHVVZWxKcU0/edit?usp=docslist_api,寺院（観音・不動）
越前町立福井総合植物園プラントピア,福井県,丹生郡越前町朝日１７－３－１,北陸の代表的な野生植物や世界各地から集めた3000種以上の植物が展示される日本海側最大級規模の植物園。予約で、押し花キーホルダー教室など各種教室も開催している。,通年,0778-34-1120,http://www.fukui-bot.jp/,https://docs.google.com/a/user-support-center.jp/file/d/0B3_b4po9GqAOSmJ1RUI0SWlyd2M/edit?usp=docslist_api,植物園
六呂師高原,福井県,大野市南六呂師,のどかな牧歌的風景の広がる高原一帯には、福井県自然保護センター、ふるさと自然公園など様々な体験ができる施設が充実。楽しいアウトドアライフを満喫できる。,通年,0779-66-1111,,https://docs.google.com/a/user-support-center.jp/file/d/0B3_b4po9GqAOYjdoY005YjlKYlU/edit?usp=docslist_api,高原
熊川宿,福井県,三方上中郡若狭町熊川,かつての若狭路と京都・大阪を結んだ「鯖街道」の宿場町。約400mにわたり、昔の町並みがたたずむ。資料館では熊川の歴史や文化を知ることができる。「くずきり」の甘味処もある。,通年,0770-62-2711,,https://docs.google.com/a/user-support-center.jp/file/d/0B3_b4po9GqAONkc5Ym9CUWs1TEk/edit?usp=docslist_api,伝統的町並み・家並み
明通寺,福井県,小浜市門前５－２１,平安京の大同元（806）年に征夷大将軍・坂上田村麻呂が創建したと伝えられる古刹。国宝に指定されている入母屋造りの本堂と檜皮葺きの三重塔の静かな佇まいが美しい。,通年,0770-57-1355,http://www.cho.ne.jp/~myotsuji/,https://docs.google.com/a/user-support-center.jp/file/d/0B3_b4po9GqAOcTRVMXBkSVEtYXc/edit?usp=docslist_api,寺院（観音・不動）
越前松島水族館,福井県,坂井市三国町崎７４－２－３,イルカショーやペンギンの散歩タイムがあり、アザラシ・イルカとの触れ合いが楽しめる。サメや巨大なタコに触れ、ウミガメや魚にエサをあげることができる。海洋館では海面浮遊体験も可能だ。,通年,0776-81-2700,http://www.echizen-aquarium.com/,https://docs.google.com/a/user-support-center.jp/file/d/0B3_b4po9GqAOeV8xbGM4elFpSTg/edit?usp=docslist_api,水族館
東尋坊観光遊覧船,福井県,坂井市三国町安島６４－１,海面から見る、また違った東尋坊の姿を楽しむことができる。所要時間は30分で荒天でなければ毎日運航している。,通年,0776-81-3808,http://www.toujinbou-yuransen.jp/,https://docs.google.com/a/user-support-center.jp/file/d/0B3_b4po9GqAORDMtT1gtR1pfa2c/edit?usp=docslist_api,遊覧船・水中観光船
千代保稲荷神社,岐阜県,海津市平田町三郷１９８０,一般には「おちょぼさん」の名で知られ、全国から商売繁盛や合格祈願に多くの人が訪れる。とくに正月と月越しとなる月末、月はじめは、夜通しの参拝客でにぎわいを見せる。,通年,0584-66-2613,,https://docs.google.com/a/user-support-center.jp/file/d/0B3_b4po9GqAORFZhY00yV1ZweWM/edit?usp=docslist_api,神社（稲荷・権現）
花フェスタ記念公園,岐阜県,可児市瀬田１５８４－１,一年を通じて花と緑を楽しめる。メインのバラは7000品種30000株を数え、世界有数の規模。大温室、花の地球館では、季節ごとにフラワーショーが楽しめる。,通年,0574-63-7373,http://www.hanafes.jp/hanafes/,https://docs.google.com/a/user-support-center.jp/file/d/0B3_b4po9GqAOT0ZyOWFWX05xeXM/edit?usp=docslist_api,植物園
長尾山総合公園　かつやま恐竜の森,福井県,勝山市村岡町寺尾５１－１１,化石発掘を体験出来る施設の他、周辺の山々を見渡せる芝生広場、2体の巨大な恐竜が戦っている周りに、いろんな遊具が設置されている遊具広場、バーベキュー施設等がある。,通年,0779-88-8777,http://www.kyoryunomori.net/,https://docs.google.com/a/user-support-center.jp/file/d/0B3_b4po9GqAOdWs3UGN6ZFZOLW8/edit?usp=docslist_api,公園・緑地
中橋,岐阜県,高山市本町～片原町～川原町～神明町,上三之町の南の入り口、宮川にかかる朱塗りの橋で、映画やドラマのロケにもたびたび登場する。春の高山祭では豪華絢爛な屋台が巡行し、雅やかな光景に出会える。,通年,0577-32-3333,,https://docs.google.com/a/user-support-center.jp/file/d/0B3_b4po9GqAOZG40YnlGT2NiTTg/edit?usp=docslist_api,橋
豊国神社,愛知県,名古屋市中村区中村町　中村公園内,豊臣秀吉の生誕地を記念して明治18（1885）年に建てられた。秀吉の出世にあやかろうと参拝に訪れる人が多い。,通年,052-411-0003,http://toyokunijinjya.main.jp/,https://docs.google.com/a/user-support-center.jp/file/d/0B3_b4po9GqAONG1paU1YWHY0REk/edit?usp=docslist_api,神社（稲荷・権現）
気比の松原,福井県,敦賀市松島町,約1.5kmの浜辺には約17000本の赤松・黒松が生い茂り、日本三大松原の一つである。夏には海水浴場としてにぎわう。体験観光「地引網」「定置網」ができる。,通年,0770-22-1520,http://www.turuga.org/miru/kehino.html,https://docs.google.com/a/user-support-center.jp/file/d/0B3_b4po9GqAOaFpaTVBaTjNPVXM/edit?usp=docslist_api,その他の名所
三方五湖,福井県,三方上中郡若狭町鳥浜、海山、田井、気山,久々子湖、日向湖、菅湖、水月湖、三方湖が自然と人工の水路でつながる。海水と淡水の混ざり具合や水深により水の色が変化し五色の湖と呼ばれ約60種の魚がいる。,通年,0770-45-0113,,https://docs.google.com/a/user-support-center.jp/file/d/0B3_b4po9GqAOUklVN2lMc1RUQzQ/edit?usp=docslist_api,湖沼
越前がにミュージアム,福井県,丹生郡越前町厨７１－３２４－１,越前がにの生態や近海の魚達に関する研究を数多く展示している。三層吹き抜けの海底ジオラマや海中シアターなどの施設もあり、越前がにを楽しく学ぶことができる。,通年,0778-37-2626,http://www.echizen-kk.jp/kani.htm,https://docs.google.com/a/user-support-center.jp/file/d/0B3_b4po9GqAOUVc1X2wtX0M5bVE/edit?usp=docslist_api,遊園地
伊賀の里　モクモク手づくりファーム,三重県,伊賀市西湯舟３６０９,自然、農業、手作りを体験できるエコロジーファーム。丘陵地にウィンナー作りやパン作りができる体験館、地ビール工房、動物とふれあえる牧場、宿泊施設などが点在する。,通年,0595-43-0909（予約は0595-43-1489）,http://www.moku-moku.com/,https://docs.google.com/a/user-support-center.jp/file/d/0B3_b4po9GqAOWjBmU3UxSU5NTDg/edit?usp=docslist_api,その他の体験施設
加賀野八幡神社,岐阜県,大垣市加賀野１,村落の総氏神であると同時に安産の神としても信仰を集めてきた。ここの井戸は良質の地下水が自噴したもので、岐阜県の名水や環境省の「平成の名水百選」にも選定されている。,通年,0584-81-4111,,https://docs.google.com/a/user-support-center.jp/file/d/0B3_b4po9GqAOSGZRa3ZzUkY1RHc/edit?usp=docslist_api,神社（稲荷・権現）
荒子川公園ガーデンプラザ,愛知県,名古屋市港区品川町２丁目１－１,四季折々の花が楽しめる公園のクライマックスは6月のラベンダーフェア。紫色の花穂が風にゆれ、ほのかな香りで包まれる園内はメルヘンチックな世界。,通年,052-384-8787,http://www.nga.or.jp/,https://docs.google.com/a/user-support-center.jp/file/d/0B3_b4po9GqAOWkp5TU5PUm1QZVE/edit?usp=docslist_api,花の名所
立山ケーブルカー,富山県,中新川郡立山町 （美女平～立山駅）,"富山地鉄の立山駅から美女平を結びます。地鉄富山駅を始発の急行で出発すると、朝6時半ころに到着しますが、紅葉の時期の週末は立山駅はすでに大混雑。ケーブルカーに乗るためには時刻指定を窓口で受けるのですが、これが行列で時間がかかります。
実際には朝一番なら20－30分並べば乗ることはできますが、もっと遅い時間はさらなる混雑です。余裕をみて計画を立てる必要があると思います。
なお、美女平で立山高原バスにすぐに乗りたい場合は、ケーブルカーは進行方向左側に乗ったほうが、バス乗り場へはわずかに近道です。",,076-432-2819,,https://docs.google.com/a/user-support-center.jp/file/d/0B3_b4po9GqAOc1hZWDUzdlozdkU/edit?usp=docslist_api,ロープウェイ・ケーブルカー
水晶浜海水浴場,福井県,三方郡美浜町竹波,きめ細やかな白い砂の砂浜が広がり、海水は青やエメラルドグリーンに色を変え、その澄んだ水は、水の透明度などを基準に選ばれる「日本の水浴場88選」にも選ばれている。,7月上旬～8月下旬,0770-32-0222,http://www.wakasamihama.jp/,https://docs.google.com/a/user-support-center.jp/file/d/0B3_b4po9GqAOUU8wdk9zOUdkcWM/edit?usp=docslist_api,海水浴場・湖水浴場
一乗谷朝倉氏遺跡,福井県,福井市城戸ノ内町,文明3（1471）年に朝倉孝景が越前支配の根拠地をこの地に置き、百数年間栄華な文化を誇った。発掘調査で城下町の遺構が発見され、国の特別史跡に指定。復原町並や朝倉氏庭園などを見学できる。,通年,0776-41-2173,http://www.city.fukui.lg.jp/d620/bunka/iseki/,https://docs.google.com/a/user-support-center.jp/file/d/0B3_b4po9GqAOQjhSZWVGNWdPUm8/edit?usp=docslist_api,遺跡
越前岬水仙ランド,福井県,丹生郡越前町血ヶ平２７－１－２,越前海岸の中でも抜群のロケーションで、1年を通して水仙を見ることができる「水仙観賞庭園」があるほか、散策ルートが整備されている。水仙の館ではおみやげショップや喫茶コーナーも常設。,通年（水仙の見頃は11～翌2月）,0778-37-2501,http://www.echizen-kk.jp/,https://docs.google.com/a/user-support-center.jp/file/d/0B3_b4po9GqAOdjROcGQyMF8xcDQ/edit?usp=docslist_api,その他のパーク・施設
今庄そば道場,福井県,南条郡南越前町大門１０－３－１,自分で打ったそばの味はきっと格別。そば粉を混ぜる、伸ばす、切る、ゆでる、盛り付けまでを、1時間ほどかけてていねいに指導。できたそばをお土産にすることもできる。,通年,0778-45-1385,,https://docs.google.com/a/user-support-center.jp/file/d/0B3_b4po9GqAOTlFMeTBReGZ5V2c/edit?usp=docslist_api,その他の体験施設
越前水仙の里公園,福井県,福井市居倉町４３－２５,水仙の里公園内にある水仙ドームは、一年中越前水仙が見られる低温室の施設。その他にも水仙に関する情報がある。,通年（水仙の見頃は1・2月）,0776-89-2381,,https://docs.google.com/a/user-support-center.jp/file/d/0B3_b4po9GqAOY2pWQ2tqNXdYWHM/edit?usp=docslist_api,公園・緑地
黒部峡谷トロッコ電車（黒部峡谷鉄道）,富山県,黒部市黒部峡谷口１１,北アルプスを深く刻むように流れる黒部川に沿って、小さなトロッコ電車が右へ左へと曲がりながらゆっくり走る。,4月20日～11月30日,0765-62-1011,http://www.kurotetu.co.jp/,https://docs.google.com/a/user-support-center.jp/file/d/0B3_b4po9GqAOeUZXYjdBUnNjUFk/edit?usp=docslist_api,観光鉄道（トロッコ等）
徳山ダム,岐阜県,揖斐郡揖斐川町,私が行ったときにはまだ工事をしていました。同じロックフィルダムである九頭竜ダムも間近で見ると相当大きいと思いましたが、ここはさらに規模が大きいです。このダムのお陰で沈んでしまう村や集落も相当な範囲になります。こんなところにドえらいものを作っちゃったなぁというのが感想です。,,-,,https://docs.google.com/a/user-support-center.jp/file/d/0B3_b4po9GqAOdV9QNHNkQzJla1k/edit?usp=docslist_api,その他の名所
伊勢・安土桃山文化村,三重県,伊勢市二見町三津１２０１－１,安土桃山時代から江戸時代がテーマのカルチャーパークで、観て、遊べる施設。安土城をはじめとした情緒あふれる町並みが広がり、時代劇が楽しめる劇場、体験館が並ぶ。,通年,0596-43-2300,http://www.ise-bunkamura.co.jp/,https://docs.google.com/a/user-support-center.jp/file/d/0B3_b4po9GqAOeWJjODd4b3lSN3M/edit?usp=docslist_api,遊園地
かんざんじロープウェイ,静岡県,浜松市西区舘山寺町１８９１,浜名湖が一望できる、日本で唯一の湖上を渡るロープウェイ。大草山山頂からのパノラマビジョンが素晴らしい。所要時間は約4分。浜名湖を上空から楽しめる。,通年,053-487-2121（浜名湖パルパル（代））,http://ropeway.entetsu.co.jp/,https://docs.google.com/a/user-support-center.jp/file/d/0B3_b4po9GqAORXRIckRlbXFjUEU/edit?usp=docslist_api,ロープウェイ・ケーブルカー
ＳＵＮＳＨＩＮＥ　ＳＡＫＡＥ,愛知県,名古屋市中区錦３丁目２４－４,直径40m、高さ52mの観覧車が目を引く総合エンターテインメントビル。話題の飲食店やファッション店が集結した人気スポットだ。,通年,052-310-2211,http://www.sunshine-sakae.jp/,https://docs.google.com/a/user-support-center.jp/file/d/0B3_b4po9GqAOQ0MwalMzU3BlNU0/edit?usp=docslist_api,複合施設
こおろぎ橋,石川県,加賀市山中温泉こおろぎ町ロ１３１－１,鶴仙渓の上流部にかかる総檜造りの橋。温泉情緒満点のシルエットは、山中温泉のシンボル。橋から眺める渓谷の風景も美しい。,通年,0761-78-1111,,https://docs.google.com/a/user-support-center.jp/file/d/0B3_b4po9GqAOMnVMcDd6QzltTGM/edit?usp=docslist_api,橋
あやとりはし,石川県,加賀市山中温泉河鹿町,いけばな草月流家元の勅使河原宏氏がデザインした、斬新なS字型の橋。夜はライトアップされ、美しい景色が堪能できる。,通年,0761-78-0330,http://www.tabimati.net/search/site/86,https://docs.google.com/a/user-support-center.jp/file/d/0B3_b4po9GqAOTWNZNy04QkFkLTQ/edit?usp=docslist_api,橋
荒島岳,福井県,大野市西勝原,大野盆地の南東、奥越高原県立自然公園の中央に位置する山で、別称“大野富士”。秋は紅葉が美しい。,通年,0779-66-1111,http://www.city.ono.fukui.jp/,https://docs.google.com/a/user-support-center.jp/file/d/0B3_b4po9GqAOcmtMd3NvX0ZEeE0/edit?usp=docslist_api,山
駿府城公園,静岡県,静岡市葵区駿府城公園１－１,三重の堀と美しい石垣に囲まれた公園。徳川家康が築城し、余生を送った駿府城の跡で、約1万本あるツツジが咲き揃う5月はひときわ鮮やか。園内には家康手植えのミカンも残る。,通年,054-221-1121,,https://docs.google.com/a/user-support-center.jp/file/d/0B3_b4po9GqAOSklCLTV6c3F2cEk/edit?usp=docslist_api,花の名所
鶴舞公園の桜,愛知県,名古屋市昭和区鶴舞１,ソメイヨシノ1200本が植えられ、他にも色とりどりの花々が園内を彩る。「鶴舞公園花まつり」は4月～6月に開催され、開花状況に合わせて夜間はライトアップをする。,3月下旬～4月上旬,052-751-5128,,https://docs.google.com/a/user-support-center.jp/file/d/0B3_b4po9GqAOVnU3SjJkQ3NXcVU/edit?usp=docslist_api,桜の名所
雄山神社前立社壇本殿,富山県,中新川郡立山町岩峅寺1,"立山市街地を流れる常願寺川に架かる立山橋のたもとにあります。
雄山神社は「峰本社」、「中宮祈願殿」、「前立社壇」とありますが、ここは一番広く、まさに一宮らしい神社です。",,-,,https://docs.google.com/a/user-support-center.jp/file/d/0B3_b4po9GqAOUVppWVI3eTd4WnM/edit?usp=docslist_api,神社（稲荷・権現）
丸岡城,福井県,坂井市丸岡町霞町１丁目５９,天正4（1576）年に柴田勝豊によって築城。木造天守の中で最も古い天守閣を持つ。桜の名所100選にも選ばれており、春には約400本の桜が咲き誇る。また史実をもとに「一筆啓上賞」を設けている。,通年,0776-66-0303,http://www.maruoka-kanko.org/,https://docs.google.com/a/user-support-center.jp/file/d/0B3_b4po9GqAOMWo2VTljeVZTOUU/edit?usp=docslist_api,城
東尋坊,福井県,坂井市三国町東尋坊６４－１－４１,大自然の芸術ともいうべき断崖絶壁が約1km連なる、北陸最大級の景勝地。最高25mもの高さを誇る断崖の上に立てば、思わず足がすくみそうになるほどの絶景が広がる。,通年,0776-81-3700,,https://docs.google.com/a/user-support-center.jp/file/d/0B3_b4po9GqAOc3pCVkRKNDZtNjQ/edit?usp=docslist_api,特殊地形
かずら橋,福井県,今立郡池田町志津原,足羽川渓谷にかかる全長44m、幅1.8m、高さ12mのかずら橋。シラクチカズラでできた本格的な吊り橋で、踏み板の隙間から渓流が見え、スリル満点。,4～11月,0778-44-6878（そば道場）,http://www.e-ikeda.jp/,https://docs.google.com/a/user-support-center.jp/file/d/0B3_b4po9GqAOM2k5UUpKWVZ0aEU/edit?usp=docslist_api,橋
三国サンセットビーチ,福井県,坂井市三国町宿、米ケ脇,夕日が望める海岸。遠浅のマリンリゾートでマリンスポーツも盛ん。海岸近くには公衆温泉浴場「三国温泉ゆあぽ～と」がある。周辺には料理旅館や民宿が充実。,7～8月中旬,0776-82-5515,,https://docs.google.com/a/user-support-center.jp/file/d/0B3_b4po9GqAObnBIVzF3eFFsZms/edit?usp=docslist_api,海水浴場・湖水浴場
越前海岸,福井県,丹生郡越前町左右、玉川ほか,沿岸にある、約80haにもわたる国内最大級の水仙の群落が有名な海岸。1月中旬から下旬にかけて「水仙まつり」が開催される。,通年,0778-37-1234,,https://docs.google.com/a/user-support-center.jp/file/d/0B3_b4po9GqAOanpoM0pkWFBSaUU/edit?usp=docslist_api,海岸・浜
三方五湖レークセンター,福井県,三方郡美浜町早瀬１－５,三方五湖巡りの拠点となるレークセンター。土産品売り場、大広間などがある大きな施設で、浦見川と三方五湖を巡る遊覧船（ウォータージェット船）がここから出航している。,通年,0770-32-1161,,https://docs.google.com/a/user-support-center.jp/file/d/0B3_b4po9GqAOZG1QSVg0WERHYzA/edit?usp=docslist_api,その他の文化施設
越前大仏（清大寺）,福井県,勝山市片瀬５０－１－１,奈良の大仏をしのぐ大きさの大仏本尊は、仏教伝来のルーツである中国河南省の龍門石窟の座像がモデル。殿内には本殿と脇侍仏、三壁面を埋める1281体の仏像がある。,通年,0779-87-3300,http://www.geocities.co.jp/etizen_daibutu/,https://docs.google.com/a/user-support-center.jp/file/d/0B3_b4po9GqAOeWtmQjZnblB5YnM/edit?usp=docslist_api,碑・像・塚・石仏群
瓜割の滝,福井県,三方上中郡若狭町天徳寺３７－１　若狭瓜割名水公園,養老年間（717～724年）に泰澄大師が開いた天徳寺奥林の湧水で日本名水百選の一つ。水温が11.7度と冷たく、瓜が自然に割れた故事から瓜割水、瓜割の滝と呼ばれている。,通年,0770-62-0186,http://www.town.fukui-wakasa.lg.jp/kankou/sitesheeing/uriwari/,https://docs.google.com/a/user-support-center.jp/file/d/0B3_b4po9GqAOeVdtdUNGUWs1NzA/edit?usp=docslist_api,滝
城山公園（明鏡洞）,福井県,大飯郡高浜町事代,奇岩・奇勝の公園として知られ、園内には「八穴の奇勝」と呼ばれる八つの洞穴がある。中でも明鏡洞は有名。洞窟の穴の向こうに見える水平線が鏡のように見えたことからこの名前が付けられた。,通年,0770-72-0338,http://www.wakasa-takahama.jp/,https://docs.google.com/a/user-support-center.jp/file/d/0B3_b4po9GqAOcVNOMU1mb2xJRW8/edit?usp=docslist_api,公園・緑地
辻口博啓美術館　ル　ミュゼ　ドゥ　アッシュ,石川県,七尾市和倉町ワ部６５－１,七尾市出身のパティシエ・辻口博啓が手がける「ミュージアム&カフェ」。様々なシュークルダール（砂糖の芸術作品）を展示するほか、カフェ、パティスリーブティックも併設する。,通年,0767-62-4002,http://www.kagaya.co.jp/le_musee_de_h/,https://docs.google.com/a/user-support-center.jp/file/d/0B3_b4po9GqAOLVliQ2lTS0Q3aEU/edit?usp=docslist_api,美術館・ギャラリー
ゴジラ岩,石川県,珠洲市馬緤町,赤神海岸にある高さ4mの岩で、その名の通りゴジラが火を噴いて歩いているように見える。案内板も設置されている。,通年,0768-82-7776,,https://docs.google.com/a/user-support-center.jp/file/d/0B3_b4po9GqAObWNyMVN6Z1dINlE/edit?usp=docslist_api,海岸・浜
九頭竜湖,福井県,大野市長野３３－４－１,高さ128m、堤頂長355mという巨大な「九頭竜ダム」によって誕生した人工湖。瀬戸大橋のモデルとなった「夢のかけはし」と湖とのコントラストは絶景。桜や紅葉、雪景色などが楽しめる。,通年,0779-78-2116,,https://docs.google.com/a/user-support-center.jp/file/d/0B3_b4po9GqAOeFVjLUd5NkM1Mkk/edit?usp=docslist_api,その他の名所
マリモファーム,愛知県,知多郡阿久比町植大東矢勝７－１,自然豊かな知多半島にある苺狩り農園。清潔で安心、摘み取ったばかりのみずみずしい苺が味わえる。丹精込めて育てられた苺を使用したスイーツ「苺のタルト」や「苺ロールケーキ」なども好評だ。,12月13日～翌5月31日,0569-49-2117,http://www.marimofarm.jp/,https://docs.google.com/a/user-support-center.jp/file/d/0B3_b4po9GqAOYjJsSTR5dmFKNlU/edit?usp=docslist_api,観光農園・農場
窓岩,石川県,輪島市町野町曽々木,曽々木の奇勝のひとつ。1枚の巨大な板岩に窓をくりぬいたような穴が空き、青空が見える。岩の前の砂地は、絶好の海水浴場になっている。,通年,0768-32-0408,,https://docs.google.com/a/user-support-center.jp/file/d/0B3_b4po9GqAORV9wRmUxOWJRQWM/edit?usp=docslist_api,岩
雄島,福井県,坂井市三国町安島,安島漁港の沖に浮かぶ小島で、朱塗りの雄島橋を歩いて渡ることができる。断崖には柱状節理が見られ、地区の漁民の信仰を集める大湊神社がある。散策コースにもおすすめ。,通年,0776-82-5515,,https://docs.google.com/a/user-support-center.jp/file/d/0B3_b4po9GqAOdGc0dks1d2pINXM/edit?usp=docslist_api,島
氣比神宮,福井県,敦賀市曙町１１－６８,朱塗りの大鳥居は、日本三大木造鳥居の一つとして有名であり、国の重要文化財である。毎年9月3・4日には、秋の例祭として、山車の巡行や神賑奉納行事が行われる。,通年,0770-22-0794,http://www.turuga.org/miru/kehijinguu.html,https://docs.google.com/a/user-support-center.jp/file/d/0B3_b4po9GqAOVVl3MW5CR19ST3M/edit?usp=docslist_api,神社（稲荷・権現）
萬徳寺,福井県,小浜市金屋７４－２３,本尊は阿弥陀如来（重文）。文永2（1265）年に極楽寺の名前で存在が記されている真言宗の古刹。庭園は国名勝指定、日本紅葉百選にも選ばれており、春は花の寺と呼ばれる。書院は茅葺屋根。,通年,0770-56-2308,,https://docs.google.com/a/user-support-center.jp/file/d/0B3_b4po9GqAOcUotUGdqMUhMeDA/edit?usp=docslist_api,寺院（観音・不動）
金ヶ崎緑地,福井県,敦賀市金ヶ崎町４４,芝生が一面に広がり来場者の憩いの場となっている。また、四季折々の風景が楽しめ、潮風に当たりながら敦賀の海の雰囲気を味わえる。周辺には人道の港敦賀ムゼウムや敦賀鉄道資料館がある。,通年,0770-22-8129,,https://docs.google.com/a/user-support-center.jp/file/d/0B3_b4po9GqAOdHppa1VpUkliYmc/edit?usp=docslist_api,公園・緑地
中津川観光栗園　いが栗の里,岐阜県,中津川市苗木八幡柿野４８－４２付近,毎年1か月のみ開催する味覚狩り。丹沢、出雲、筑波など、約500本の木の栗拾いが楽しめる。生栗のみやげも付き、自宅でも中津川の栗を満喫できる。土・日曜、祝日は栗おこわの予約販売も行う。,9月上旬～10月上旬,0573-62-2277,,https://docs.google.com/a/user-support-center.jp/file/d/0B3_b4po9GqAOQTVMd29reDZVdTg/edit?usp=docslist_api,観光農園・農場
